{
  "__type__": "cc.BitmapFont",
  "_name": "yellow_font",
  "_objFlags": 0,
  "_native": "",
  "fntDataStr": "",
  "spriteFrame": {
    "__uuid__": "fd628a68-42dd-4866-a19f-b73599548c5a"
  },
  "fontSize": 32,
  "_fntConfig": {
    "commonHeight": 32,
    "fontSize": 32,
    "atlasName": "yellow_font.png",
    "fontDefDictionary": {
      "33": {
        "rect": {
          "x": 18,
          "y": 36,
          "width": 4,
          "height": 11
        },
        "xOffset": 0,
        "yOffset": 0,
        "xAdvance": 4
      },
      "49": {
        "rect": {
          "x": 64,
          "y": 36,
          "width": 7,
          "height": 10
        },
        "xOffset": 0,
        "yOffset": 0,
        "xAdvance": 7
      },
      "50": {
        "rect": {
          "x": 34,
          "y": 36,
          "width": 9,
          "height": 10
        },
        "xOffset": 0,
        "yOffset": 0,
        "xAdvance": 9
      },
      "51": {
        "rect": {
          "x": 44,
          "y": 36,
          "width": 9,
          "height": 10
        },
        "xOffset": 0,
        "yOffset": 0,
        "xAdvance": 9
      },
      "52": {
        "rect": {
          "x": 23,
          "y": 36,
          "width": 10,
          "height": 10
        },
        "xOffset": 0,
        "yOffset": 0,
        "xAdvance": 10
      },
      "53": {
        "rect": {
          "x": 54,
          "y": 36,
          "width": 9,
          "height": 10
        },
        "xOffset": 0,
        "yOffset": 0,
        "xAdvance": 9
      },
      "54": {
        "rect": {
          "x": 0,
          "y": 48,
          "width": 9,
          "height": 10
        },
        "xOffset": 0,
        "yOffset": 0,
        "xAdvance": 9
      },
      "55": {
        "rect": {
          "x": 10,
          "y": 48,
          "width": 9,
          "height": 10
        },
        "xOffset": 0,
        "yOffset": 0,
        "xAdvance": 9
      },
      "56": {
        "rect": {
          "x": 20,
          "y": 48,
          "width": 9,
          "height": 10
        },
        "xOffset": 0,
        "yOffset": 0,
        "xAdvance": 9
      },
      "65": {
        "rect": {
          "x": 9,
          "y": 12,
          "width": 8,
          "height": 11
        },
        "xOffset": 0,
        "yOffset": 0,
        "xAdvance": 8
      },
      "66": {
        "rect": {
          "x": 18,
          "y": 12,
          "width": 8,
          "height": 11
        },
        "xOffset": 0,
        "yOffset": 0,
        "xAdvance": 8
      },
      "67": {
        "rect": {
          "x": 27,
          "y": 12,
          "width": 8,
          "height": 11
        },
        "xOffset": 0,
        "yOffset": 0,
        "xAdvance": 8
      },
      "68": {
        "rect": {
          "x": 36,
          "y": 12,
          "width": 8,
          "height": 11
        },
        "xOffset": 0,
        "yOffset": 0,
        "xAdvance": 8
      },
      "69": {
        "rect": {
          "x": 45,
          "y": 12,
          "width": 8,
          "height": 11
        },
        "xOffset": 0,
        "yOffset": 0,
        "xAdvance": 8
      },
      "70": {
        "rect": {
          "x": 54,
          "y": 12,
          "width": 8,
          "height": 11
        },
        "xOffset": 0,
        "yOffset": 0,
        "xAdvance": 8
      },
      "71": {
        "rect": {
          "x": 63,
          "y": 12,
          "width": 8,
          "height": 11
        },
        "xOffset": 0,
        "yOffset": 0,
        "xAdvance": 8
      },
      "72": {
        "rect": {
          "x": 0,
          "y": 24,
          "width": 8,
          "height": 11
        },
        "xOffset": 0,
        "yOffset": 0,
        "xAdvance": 8
      },
      "73": {
        "rect": {
          "x": 0,
          "y": 0,
          "width": 8,
          "height": 11
        },
        "xOffset": 0,
        "yOffset": 0,
        "xAdvance": 8
      },
      "74": {
        "rect": {
          "x": 18,
          "y": 24,
          "width": 8,
          "height": 11
        },
        "xOffset": 0,
        "yOffset": 0,
        "xAdvance": 8
      },
      "75": {
        "rect": {
          "x": 27,
          "y": 24,
          "width": 8,
          "height": 11
        },
        "xOffset": 0,
        "yOffset": 0,
        "xAdvance": 8
      },
      "76": {
        "rect": {
          "x": 36,
          "y": 24,
          "width": 8,
          "height": 11
        },
        "xOffset": 0,
        "yOffset": 0,
        "xAdvance": 8
      },
      "77": {
        "rect": {
          "x": 45,
          "y": 24,
          "width": 8,
          "height": 11
        },
        "xOffset": 0,
        "yOffset": 0,
        "xAdvance": 8
      },
      "78": {
        "rect": {
          "x": 54,
          "y": 24,
          "width": 8,
          "height": 11
        },
        "xOffset": 0,
        "yOffset": 0,
        "xAdvance": 8
      },
      "79": {
        "rect": {
          "x": 63,
          "y": 24,
          "width": 8,
          "height": 11
        },
        "xOffset": 0,
        "yOffset": 0,
        "xAdvance": 8
      },
      "80": {
        "rect": {
          "x": 0,
          "y": 36,
          "width": 8,
          "height": 11
        },
        "xOffset": 0,
        "yOffset": 0,
        "xAdvance": 8
      },
      "81": {
        "rect": {
          "x": 9,
          "y": 36,
          "width": 8,
          "height": 11
        },
        "xOffset": 0,
        "yOffset": 0,
        "xAdvance": 8
      },
      "82": {
        "rect": {
          "x": 9,
          "y": 0,
          "width": 8,
          "height": 11
        },
        "xOffset": 0,
        "yOffset": 0,
        "xAdvance": 8
      },
      "83": {
        "rect": {
          "x": 18,
          "y": 0,
          "width": 8,
          "height": 11
        },
        "xOffset": 0,
        "yOffset": 0,
        "xAdvance": 8
      },
      "84": {
        "rect": {
          "x": 27,
          "y": 0,
          "width": 8,
          "height": 11
        },
        "xOffset": 0,
        "yOffset": 0,
        "xAdvance": 8
      },
      "85": {
        "rect": {
          "x": 36,
          "y": 0,
          "width": 8,
          "height": 11
        },
        "xOffset": 0,
        "yOffset": 0,
        "xAdvance": 8
      },
      "86": {
        "rect": {
          "x": 45,
          "y": 0,
          "width": 8,
          "height": 11
        },
        "xOffset": 0,
        "yOffset": 0,
        "xAdvance": 8
      },
      "87": {
        "rect": {
          "x": 54,
          "y": 0,
          "width": 8,
          "height": 11
        },
        "xOffset": 0,
        "yOffset": 0,
        "xAdvance": 8
      },
      "88": {
        "rect": {
          "x": 63,
          "y": 0,
          "width": 8,
          "height": 11
        },
        "xOffset": 0,
        "yOffset": 0,
        "xAdvance": 8
      },
      "89": {
        "rect": {
          "x": 0,
          "y": 12,
          "width": 8,
          "height": 11
        },
        "xOffset": 0,
        "yOffset": 0,
        "xAdvance": 8
      },
      "90": {
        "rect": {
          "x": 9,
          "y": 24,
          "width": 8,
          "height": 11
        },
        "xOffset": 0,
        "yOffset": 0,
        "xAdvance": 8
      }
    },
    "kerningDict": {}
  },
  "_fontDefDictionary": null
}