{
  "__type__": "cc.SpriteAtlas",
  "_name": "tiles.plist",
  "_objFlags": 0,
  "_native": "",
  "_spriteFrames": {
    "tiles_0": {
      "__uuid__": "4bbf95b4-cde5-416e-a968-63cd3c88b95a"
    },
    "tiles_1": {
      "__uuid__": "7f86478f-8c4a-4167-b41d-f303c1277dbf"
    },
    "tiles_10": {
      "__uuid__": "02e22f0a-249a-484c-84e7-a2e4e353eece"
    },
    "tiles_100": {
      "__uuid__": "456d9fa4-36c6-4b50-92e1-61b1877f2297"
    },
    "tiles_1000": {
      "__uuid__": "c5aefb04-1f0c-4ddc-8104-8e0c70276701"
    },
    "tiles_1001": {
      "__uuid__": "c051e207-dc7c-4118-a21e-9f6448935234"
    },
    "tiles_1002": {
      "__uuid__": "237b0d7a-eed2-4b6b-b763-0329fd2088c7"
    },
    "tiles_1003": {
      "__uuid__": "7947fc3b-7ee9-4d18-b289-94f110c1c84e"
    },
    "tiles_1004": {
      "__uuid__": "1f3bf18d-2e55-4baf-aee4-f30601cd4a13"
    },
    "tiles_1005": {
      "__uuid__": "5a950e71-33e6-4925-b64f-aaa454699a38"
    },
    "tiles_1006": {
      "__uuid__": "fcb7b12a-b6ed-460b-ac33-dfa2892e1e74"
    },
    "tiles_1007": {
      "__uuid__": "f5b651b2-2333-4f0a-8ad9-1123591e80ad"
    },
    "tiles_1008": {
      "__uuid__": "c338f50f-e697-4cee-b8f6-a72998fa477f"
    },
    "tiles_1009": {
      "__uuid__": "be262e38-055b-4064-a895-2b951ba79f59"
    },
    "tiles_101": {
      "__uuid__": "9660aa7c-c7c6-4c9e-a8a0-9706054ff53b"
    },
    "tiles_1010": {
      "__uuid__": "337de28a-7226-48f6-af35-e04978d5abf5"
    },
    "tiles_1011": {
      "__uuid__": "6cb9db14-81e0-4538-8ff9-fba68ce6715a"
    },
    "tiles_1012": {
      "__uuid__": "8d539314-f8d5-4f3e-9b60-8b77b3f0eda4"
    },
    "tiles_1013": {
      "__uuid__": "1f426d86-4b53-42e4-9f24-f1630eae26b3"
    },
    "tiles_1014": {
      "__uuid__": "fe5ebec0-8fff-4cc8-a4fc-057db28cde55"
    },
    "tiles_1015": {
      "__uuid__": "7e191449-6080-489a-837d-a4678cc79b75"
    },
    "tiles_1016": {
      "__uuid__": "7c23ed7a-9a31-4238-9238-9ba2c9e8a356"
    },
    "tiles_1017": {
      "__uuid__": "f9d83969-aad1-4919-bc38-6f85892ff2af"
    },
    "tiles_1018": {
      "__uuid__": "23d9984e-c415-46be-a185-9d8ac14aa5b9"
    },
    "tiles_1019": {
      "__uuid__": "dcca8020-9e4e-413b-8a54-9f4e244a1103"
    },
    "tiles_102": {
      "__uuid__": "f3622eff-c7e7-4e12-baa6-ae43d8542d79"
    },
    "tiles_1020": {
      "__uuid__": "098c4fd7-92fa-4a16-b3aa-b26b657ec5e5"
    },
    "tiles_1021": {
      "__uuid__": "6cb39cb5-5ccb-497f-84f3-816763e83454"
    },
    "tiles_1022": {
      "__uuid__": "10eb7778-66cb-4af4-b48c-9d3f7599cac1"
    },
    "tiles_1023": {
      "__uuid__": "0088ede2-baf5-468b-94c9-3b5778e3dfea"
    },
    "tiles_1024": {
      "__uuid__": "82ab5d64-afce-47ce-b4d3-9115b990557d"
    },
    "tiles_1025": {
      "__uuid__": "a1751861-5fe2-41d5-892a-e032cd7dc75d"
    },
    "tiles_1026": {
      "__uuid__": "705772ed-6c86-4ecb-850a-910b1b4d6000"
    },
    "tiles_1027": {
      "__uuid__": "8982261c-8365-4c39-a230-aa403560bc17"
    },
    "tiles_1028": {
      "__uuid__": "140fde33-2991-4f02-91e9-a66f48c7fc64"
    },
    "tiles_1029": {
      "__uuid__": "e76af6bf-a15a-4782-95cf-a574e9bbffdf"
    },
    "tiles_103": {
      "__uuid__": "e2f6b56c-4d41-436f-b178-927006db4cb4"
    },
    "tiles_1030": {
      "__uuid__": "933c6502-4780-4098-8771-88c39e51a418"
    },
    "tiles_1031": {
      "__uuid__": "8dc3df9c-6243-4f9d-8fa7-1b35990e7317"
    },
    "tiles_1032": {
      "__uuid__": "c53cbfac-d63a-44eb-a089-53097b1e824f"
    },
    "tiles_1033": {
      "__uuid__": "999f480a-e64a-4e5d-a5eb-b2951b4da2ac"
    },
    "tiles_1034": {
      "__uuid__": "2c22dfa3-eb06-43f1-8c1a-1cc3de4d9eb5"
    },
    "tiles_1035": {
      "__uuid__": "f3b20de1-a609-4154-8b93-3cae2cf2a4e1"
    },
    "tiles_1036": {
      "__uuid__": "ed638083-b76d-4ed2-a49b-3b90b75c971c"
    },
    "tiles_1037": {
      "__uuid__": "bfbfb680-cebb-4801-9ff8-344690b31f44"
    },
    "tiles_1038": {
      "__uuid__": "aa484453-153d-43d4-b142-cd1364d324c0"
    },
    "tiles_1039": {
      "__uuid__": "d5f38e9c-2233-4157-b618-938be150913c"
    },
    "tiles_104": {
      "__uuid__": "ecb2ecb3-8588-4654-a45d-787b0b549a8e"
    },
    "tiles_1040": {
      "__uuid__": "ac5c0dc4-86f5-4eb6-9fd7-579064f825dd"
    },
    "tiles_1041": {
      "__uuid__": "30bd0a32-0a56-4cd4-b366-e75aceb705cf"
    },
    "tiles_1042": {
      "__uuid__": "47ab9d38-9045-4e8f-a554-81561cb36be9"
    },
    "tiles_105": {
      "__uuid__": "c0dc8e7c-d0c3-426d-ac10-9cae3dba39a3"
    },
    "tiles_106": {
      "__uuid__": "01ce6519-f52b-454a-8e83-7392aa5e3ab2"
    },
    "tiles_107": {
      "__uuid__": "bfb9fe6d-781e-4f46-8edf-1e72b3b34d49"
    },
    "tiles_108": {
      "__uuid__": "f4e6df2a-c006-49ad-9ee3-e9698033e23f"
    },
    "tiles_109": {
      "__uuid__": "2c3b2d54-2be0-4b70-9529-a7a082e22faa"
    },
    "tiles_11": {
      "__uuid__": "d23d40f6-4d54-46f8-a748-e7a037fb8085"
    },
    "tiles_110": {
      "__uuid__": "20726f56-697b-40bc-b115-5ff40b02d34f"
    },
    "tiles_111": {
      "__uuid__": "625ee0f5-1158-4085-88e0-586b26d1ccb9"
    },
    "tiles_112": {
      "__uuid__": "3de4cbcc-af03-4423-8943-df5a888748bb"
    },
    "tiles_113": {
      "__uuid__": "152d249e-63f6-430c-bbf3-29865c27afc5"
    },
    "tiles_114": {
      "__uuid__": "cccc9d37-689a-4a96-833a-4994b38d0eb0"
    },
    "tiles_115": {
      "__uuid__": "2ebfbd42-b996-4547-b180-f73c3f6c8429"
    },
    "tiles_116": {
      "__uuid__": "2d892d44-2418-4ce3-955a-44e3b55a4948"
    },
    "tiles_117": {
      "__uuid__": "7db97bad-504b-455a-8ff4-514a1cf5b4bf"
    },
    "tiles_118": {
      "__uuid__": "4a6c8b71-9cec-46db-a034-9f6f9261365a"
    },
    "tiles_119": {
      "__uuid__": "749e83da-1b1b-4d81-8632-ded6b4457b8d"
    },
    "tiles_12": {
      "__uuid__": "6ec96416-a2ca-4a52-8689-54b12209571a"
    },
    "tiles_120": {
      "__uuid__": "a4bad79a-8287-4c33-afc3-07ea4fe4f4f4"
    },
    "tiles_121": {
      "__uuid__": "8f9c6ea1-8af1-4566-9834-22148e8c450c"
    },
    "tiles_122": {
      "__uuid__": "3b6c7e3b-0e48-4b38-b3f6-6bae670b328d"
    },
    "tiles_123": {
      "__uuid__": "5c0d486f-de00-4474-b3de-08c74c2d5e25"
    },
    "tiles_124": {
      "__uuid__": "834c0c7b-46bf-4e0b-8912-1e6aa520cc84"
    },
    "tiles_125": {
      "__uuid__": "3dc85f52-b8ca-4695-ad73-a233f142230a"
    },
    "tiles_126": {
      "__uuid__": "9eba2550-1612-44e0-beea-283945de0912"
    },
    "tiles_127": {
      "__uuid__": "6e7ed34e-58b9-4ed5-8dfc-82e4d98d60af"
    },
    "tiles_128": {
      "__uuid__": "0f900da9-4b7e-434b-bd3d-f7d91f0df393"
    },
    "tiles_129": {
      "__uuid__": "4fadf3e3-8be3-404f-b0c3-e4b5f9d9d584"
    },
    "tiles_13": {
      "__uuid__": "f7273583-5762-4dc1-885a-8f482d16e470"
    },
    "tiles_130": {
      "__uuid__": "74905704-f0d3-4eb5-b5bc-7386779c583e"
    },
    "tiles_131": {
      "__uuid__": "adf99319-f66d-4f6f-9f90-cc47c936d7dd"
    },
    "tiles_132": {
      "__uuid__": "d9fd1c92-392c-4888-b444-6a67c0f055c8"
    },
    "tiles_133": {
      "__uuid__": "ee6e03fe-b996-44b9-83a6-240ca1c56750"
    },
    "tiles_134": {
      "__uuid__": "194df4dc-0234-4e6b-96f5-6ba77d928be3"
    },
    "tiles_135": {
      "__uuid__": "452ec310-2569-4e4a-b5ef-4f3e796579a5"
    },
    "tiles_136": {
      "__uuid__": "4738e827-1b0e-4a5d-b29d-569d4efaa1f0"
    },
    "tiles_137": {
      "__uuid__": "7c656842-df23-4a61-90b1-0daf0b8f1b99"
    },
    "tiles_138": {
      "__uuid__": "4219980e-74e2-4c24-90c0-7f2681572ede"
    },
    "tiles_139": {
      "__uuid__": "bc74c446-b3a5-482f-b89e-96d22429b904"
    },
    "tiles_14": {
      "__uuid__": "db023329-4907-4b60-8372-f07d1d9d83a7"
    },
    "tiles_140": {
      "__uuid__": "d352fe70-547e-45e9-8393-d6693326adb8"
    },
    "tiles_141": {
      "__uuid__": "624fdd41-2a80-4ff4-a2b3-4e76136f57bc"
    },
    "tiles_142": {
      "__uuid__": "cca29435-2d18-4934-8608-5fbfc88e20ff"
    },
    "tiles_143": {
      "__uuid__": "c791153f-c937-44a5-944c-65aed684c4e1"
    },
    "tiles_144": {
      "__uuid__": "e76c1be7-0ad4-403d-b9c1-11c0d1d9d004"
    },
    "tiles_145": {
      "__uuid__": "4c535dcf-e193-4204-892a-80112135a914"
    },
    "tiles_146": {
      "__uuid__": "4809dbc0-d9de-4eb2-bded-eea70c23d2a7"
    },
    "tiles_147": {
      "__uuid__": "75952e8f-545b-4d3c-88ad-66caf9831a80"
    },
    "tiles_148": {
      "__uuid__": "d0842a89-01b1-417b-a534-c329491c4b71"
    },
    "tiles_149": {
      "__uuid__": "a251cc97-8bc6-4ce6-807b-685bc4b014a8"
    },
    "tiles_15": {
      "__uuid__": "60fec773-d7a6-4a5b-948c-432e0467266e"
    },
    "tiles_150": {
      "__uuid__": "847eff03-ecb5-4141-abb0-b9c2a1634cdf"
    },
    "tiles_151": {
      "__uuid__": "a63d2b5c-a282-44a6-85a3-27141e524501"
    },
    "tiles_152": {
      "__uuid__": "4f820ff0-54b3-463a-96c4-44f0de22a72b"
    },
    "tiles_153": {
      "__uuid__": "9d92b81b-4072-4252-b6b3-afd32590d5bc"
    },
    "tiles_154": {
      "__uuid__": "b9a636b3-2205-499a-a02a-91019307fb50"
    },
    "tiles_155": {
      "__uuid__": "f1ed4091-96ee-499e-94d3-f059cf63cc49"
    },
    "tiles_156": {
      "__uuid__": "e722f542-935e-48e6-9306-76d60d68ae9d"
    },
    "tiles_157": {
      "__uuid__": "7a81db4f-7344-4e85-9c70-45607aedf30a"
    },
    "tiles_158": {
      "__uuid__": "b826be45-1cec-47a7-943a-35210d5bcda1"
    },
    "tiles_159": {
      "__uuid__": "1e17f528-6a49-4f38-8280-c0700b3add3f"
    },
    "tiles_16": {
      "__uuid__": "d1662747-94fb-4274-bcbf-88d1bf1d2de1"
    },
    "tiles_160": {
      "__uuid__": "8c0405e5-449b-4357-a0f8-e5160bb14ba3"
    },
    "tiles_161": {
      "__uuid__": "8885e926-bf14-4ec5-9785-b9234d96a7c2"
    },
    "tiles_162": {
      "__uuid__": "14484cb5-7760-430e-9929-9c13d7d1d7b5"
    },
    "tiles_163": {
      "__uuid__": "68ed45bd-3662-40c9-b50b-0c0c8c929af7"
    },
    "tiles_164": {
      "__uuid__": "4b44688c-53a6-4e32-b483-84c118e9b8f0"
    },
    "tiles_165": {
      "__uuid__": "254b095a-177d-41e2-ae0c-79d4d19db976"
    },
    "tiles_166": {
      "__uuid__": "f70f7ec3-1b47-4f6a-87ee-1b2978298292"
    },
    "tiles_167": {
      "__uuid__": "b70cc55e-9ada-47ec-a5de-9e7246ba3cd3"
    },
    "tiles_168": {
      "__uuid__": "adc146e4-ff08-4e19-a54d-2b2ba708738d"
    },
    "tiles_169": {
      "__uuid__": "41ca5b59-0537-48ff-ae6c-d9faaad7126a"
    },
    "tiles_17": {
      "__uuid__": "0d2e4f83-e1ff-4ed7-90dd-c2b4a02839d9"
    },
    "tiles_170": {
      "__uuid__": "f883da4c-8141-4a94-8ca3-f5e6385b0d91"
    },
    "tiles_171": {
      "__uuid__": "c846f397-bd02-4f61-a474-fa08d1321d21"
    },
    "tiles_172": {
      "__uuid__": "faa59e1c-e8b9-4768-a13f-2a84acb9443f"
    },
    "tiles_173": {
      "__uuid__": "12b57f46-ab45-4bab-86f1-0d77f6fd13b4"
    },
    "tiles_174": {
      "__uuid__": "13336d11-858c-4713-ba58-1db367f7ce55"
    },
    "tiles_175": {
      "__uuid__": "c99ff431-ca8c-4315-ae19-5f0809230c07"
    },
    "tiles_176": {
      "__uuid__": "99b00f51-1817-4fb4-b3fc-b426c6c5e205"
    },
    "tiles_177": {
      "__uuid__": "09152145-52fa-44ee-8c4e-3b3d78ce96ab"
    },
    "tiles_178": {
      "__uuid__": "ad45aa98-3342-4317-aa13-570f4d3d382e"
    },
    "tiles_179": {
      "__uuid__": "c9ccb74d-8aef-475b-8a97-69dfddff978a"
    },
    "tiles_18": {
      "__uuid__": "7b4cb937-61ef-489f-84e5-fbebf80de6ea"
    },
    "tiles_180": {
      "__uuid__": "3da1e34b-caee-464e-b87c-645654022e75"
    },
    "tiles_181": {
      "__uuid__": "565907df-5d64-4c3b-9d22-e8c82aef3cdf"
    },
    "tiles_182": {
      "__uuid__": "5eba7f54-cd6e-47ae-bf62-97f4ea363ff4"
    },
    "tiles_183": {
      "__uuid__": "dcf3fda4-edaa-49e9-907f-12291558e127"
    },
    "tiles_184": {
      "__uuid__": "4a8c5006-b30b-4b48-ab3d-07511220d582"
    },
    "tiles_185": {
      "__uuid__": "5a1619ef-bda5-489c-9d87-5fa48617da54"
    },
    "tiles_186": {
      "__uuid__": "d1006906-a31e-4896-80e0-2adfbd4f90c6"
    },
    "tiles_187": {
      "__uuid__": "ca0262a9-546e-4470-87fd-fa1805c8c76b"
    },
    "tiles_188": {
      "__uuid__": "56171484-fb55-46a2-a556-2707855dbbb7"
    },
    "tiles_189": {
      "__uuid__": "6f65f65e-fd9f-4867-a607-0b8533c4dd1f"
    },
    "tiles_19": {
      "__uuid__": "0afe25da-6d26-4531-8697-c064e6f818aa"
    },
    "tiles_190": {
      "__uuid__": "b8379896-d8ae-487a-9f54-48b026e99f75"
    },
    "tiles_191": {
      "__uuid__": "a781d251-aca2-49ba-beff-f469d00d367d"
    },
    "tiles_192": {
      "__uuid__": "841dc38f-c2cc-4cb9-82c0-5db546dca3f4"
    },
    "tiles_193": {
      "__uuid__": "2c123380-c81d-4b36-9d0a-b32c1a397c68"
    },
    "tiles_194": {
      "__uuid__": "689d1615-d94b-4f19-926c-bc4e5754bc55"
    },
    "tiles_195": {
      "__uuid__": "c01733f4-51e1-4b76-bd5f-797381bdbbd8"
    },
    "tiles_196": {
      "__uuid__": "6e795d6d-4ed9-41df-8ee9-ee5374c4a593"
    },
    "tiles_197": {
      "__uuid__": "bf14f75e-1891-4ae5-8427-14c6af7a9ec1"
    },
    "tiles_198": {
      "__uuid__": "1cf4acc6-4a30-4458-8c84-26c616441c78"
    },
    "tiles_199": {
      "__uuid__": "26fb2e26-a34a-4892-abb7-c085f97398d0"
    },
    "tiles_2": {
      "__uuid__": "6c8b89f3-36fe-47c0-b20a-128dd4198751"
    },
    "tiles_20": {
      "__uuid__": "ef3beedd-c778-4b8e-91dd-97251b6aadef"
    },
    "tiles_200": {
      "__uuid__": "d691a3ae-bcee-417d-84a5-3fbce1898dde"
    },
    "tiles_201": {
      "__uuid__": "0122a931-ab05-4c3f-a6f5-9d7a023baed8"
    },
    "tiles_202": {
      "__uuid__": "d54b026d-b442-4878-9819-7b5a165855ea"
    },
    "tiles_203": {
      "__uuid__": "4a534d7e-2cc1-45c7-96fe-ee9ab86b71d5"
    },
    "tiles_204": {
      "__uuid__": "b2a6e409-0339-4747-9e1c-0c5231508c9d"
    },
    "tiles_205": {
      "__uuid__": "a63c6da0-cb29-46ca-aa6c-f4cb92475a04"
    },
    "tiles_206": {
      "__uuid__": "bc803ea4-7a1f-40d2-8cd3-48732c5d6971"
    },
    "tiles_207": {
      "__uuid__": "e5ad4852-c044-4c4b-a5db-f7c62d996529"
    },
    "tiles_208": {
      "__uuid__": "7596ab74-9b30-4638-9c6c-74f1eaa9da07"
    },
    "tiles_209": {
      "__uuid__": "54631129-57af-4eb7-a6c8-b8ca6de32921"
    },
    "tiles_21": {
      "__uuid__": "e031c85b-d695-493b-a00d-f1aaf7c7a35e"
    },
    "tiles_210": {
      "__uuid__": "11f66450-98e1-47b5-86b6-5aac65028b0e"
    },
    "tiles_211": {
      "__uuid__": "7930e6f8-42ab-437c-8a94-decfc1fc30fe"
    },
    "tiles_212": {
      "__uuid__": "58febeeb-fb4f-4ecc-a4f7-f3f4811cf48c"
    },
    "tiles_213": {
      "__uuid__": "d8547743-6eb2-41f3-90c0-3f88c66096d2"
    },
    "tiles_214": {
      "__uuid__": "1fa23604-59b8-43d7-8fe9-017443a38e12"
    },
    "tiles_215": {
      "__uuid__": "cdec61da-ab68-4f05-ae23-15e9daa63e8b"
    },
    "tiles_216": {
      "__uuid__": "9b998286-4b9c-48ed-985a-e85ebf74c4a0"
    },
    "tiles_217": {
      "__uuid__": "c401aafc-c2aa-457b-bcc4-e53b0515fc46"
    },
    "tiles_218": {
      "__uuid__": "50f2fe90-e2cd-44d1-8fac-576b2c1fb0b1"
    },
    "tiles_219": {
      "__uuid__": "0a5dbb93-4f0a-45df-807a-4513cc7ae387"
    },
    "tiles_22": {
      "__uuid__": "c92eb8fb-1d97-47d5-9607-a67299711bb4"
    },
    "tiles_220": {
      "__uuid__": "430438c9-e387-46ae-ae2c-55e65db44391"
    },
    "tiles_221": {
      "__uuid__": "909bb1db-adc2-47b2-825d-172f0c011e81"
    },
    "tiles_222": {
      "__uuid__": "7efb15b3-1d33-402a-86ec-97bdef88538c"
    },
    "tiles_223": {
      "__uuid__": "77c93d34-ca01-4c2f-a24b-754475413b88"
    },
    "tiles_224": {
      "__uuid__": "6c894bdc-a19d-4573-8e77-1b9e3f2c49a4"
    },
    "tiles_225": {
      "__uuid__": "1adc3eca-8964-4e9d-82ca-31adc542c5da"
    },
    "tiles_226": {
      "__uuid__": "7e6ad70a-2fc2-4c98-a77a-53c9a3987a57"
    },
    "tiles_227": {
      "__uuid__": "8dc6a847-e8f4-4df0-aeb8-6bb1bcd90540"
    },
    "tiles_228": {
      "__uuid__": "fb557dea-b856-402e-8910-98282a456d8e"
    },
    "tiles_229": {
      "__uuid__": "9962ca48-f027-45a3-bfae-36aff0c13cc0"
    },
    "tiles_23": {
      "__uuid__": "c4d07324-f29c-4868-9cfe-78c6468c8434"
    },
    "tiles_230": {
      "__uuid__": "9b049207-53a3-4bd7-bd10-0551994416bf"
    },
    "tiles_231": {
      "__uuid__": "979c38dc-3e58-4c5f-8cd7-4042dc71366a"
    },
    "tiles_232": {
      "__uuid__": "06ff0866-2f78-404e-8e3f-1f7deaff50f2"
    },
    "tiles_233": {
      "__uuid__": "947794f4-a40a-4005-942b-719dd2125ef7"
    },
    "tiles_234": {
      "__uuid__": "1653b31c-daad-4260-aead-8251a8d01be6"
    },
    "tiles_235": {
      "__uuid__": "a9d20024-cc07-4f08-989c-ebe70dc49fe1"
    },
    "tiles_236": {
      "__uuid__": "f0dc8924-ffd4-45ed-b9d5-d5e5b459dbde"
    },
    "tiles_237": {
      "__uuid__": "d3530091-31c1-45de-8d6c-d257a6f6ed24"
    },
    "tiles_238": {
      "__uuid__": "a813f6df-9152-4e9e-b587-89754780d277"
    },
    "tiles_239": {
      "__uuid__": "4dd517f0-2d51-4462-b6ed-8a0289496f0f"
    },
    "tiles_24": {
      "__uuid__": "eb8ceec0-8fc0-4695-8e1e-0758e19e7822"
    },
    "tiles_240": {
      "__uuid__": "dc9d4b14-a1ac-4a5c-92dc-9f15d6776693"
    },
    "tiles_241": {
      "__uuid__": "8014a010-e595-4e09-9810-e1264fd5c057"
    },
    "tiles_242": {
      "__uuid__": "c84a2e3b-7af7-4232-ad45-15213cc3c3df"
    },
    "tiles_243": {
      "__uuid__": "e06838b6-7682-4491-9f09-1e2db951a43a"
    },
    "tiles_244": {
      "__uuid__": "d0f95cf3-ab10-4234-928e-2eafaa333ac3"
    },
    "tiles_245": {
      "__uuid__": "331b4c9b-7710-4410-88b5-779215c6ef26"
    },
    "tiles_246": {
      "__uuid__": "4f834561-3dab-48db-8642-2cd0ea31579c"
    },
    "tiles_247": {
      "__uuid__": "44e82cf5-5c2c-49a7-8724-e4d187d4b5d2"
    },
    "tiles_248": {
      "__uuid__": "4079ce77-6b7e-444e-b441-a4a3ad545d1d"
    },
    "tiles_249": {
      "__uuid__": "450e3877-9745-44b2-b41f-0704125f6b18"
    },
    "tiles_25": {
      "__uuid__": "a94aa0e4-5e52-4afc-93b7-910cbe2f55f0"
    },
    "tiles_250": {
      "__uuid__": "aea18349-9b0a-4329-b677-371aa200d5ca"
    },
    "tiles_251": {
      "__uuid__": "770a5bc9-2706-4c7b-aaed-aafec193d224"
    },
    "tiles_252": {
      "__uuid__": "f91c0b86-ec06-4a5b-82ac-5e019272055d"
    },
    "tiles_253": {
      "__uuid__": "fa2c7abf-69b7-4aa1-920e-32c54d9ec716"
    },
    "tiles_254": {
      "__uuid__": "de2d0c2e-1260-4faf-accf-df7695eabb90"
    },
    "tiles_255": {
      "__uuid__": "7faaa900-52d9-43bb-99ef-c197ac6d5401"
    },
    "tiles_256": {
      "__uuid__": "33a28a78-ef28-4530-acfb-2b372f541916"
    },
    "tiles_257": {
      "__uuid__": "683fd00e-367e-45c9-8dfc-41b18b66c9ad"
    },
    "tiles_258": {
      "__uuid__": "7dedcf22-45d4-435c-af76-b8c9c734903c"
    },
    "tiles_259": {
      "__uuid__": "b88419ea-7ecb-4a05-b78e-583306177790"
    },
    "tiles_26": {
      "__uuid__": "d7eb33e0-25ef-43ac-b357-48ed82706a5e"
    },
    "tiles_260": {
      "__uuid__": "b337e411-4840-4fb7-bdf9-bf99a085aee8"
    },
    "tiles_261": {
      "__uuid__": "e6b969c6-8024-4a18-aaff-b050a26df45a"
    },
    "tiles_262": {
      "__uuid__": "ac46d802-63e5-4bed-9f22-ef7197d10508"
    },
    "tiles_263": {
      "__uuid__": "36f0bcc9-1fd6-4a65-a92e-93a395feb023"
    },
    "tiles_264": {
      "__uuid__": "efae0fc9-7986-4d81-9a12-7d906ac978cf"
    },
    "tiles_265": {
      "__uuid__": "51b7af8f-7ca2-4c26-b934-f4a879cab216"
    },
    "tiles_266": {
      "__uuid__": "0057546c-284a-42ab-84e6-37b4d8bb622e"
    },
    "tiles_267": {
      "__uuid__": "e93a6d70-0423-43e6-95de-3bdcc3199931"
    },
    "tiles_268": {
      "__uuid__": "dde6018d-6990-4f05-a970-5348b58b53c8"
    },
    "tiles_269": {
      "__uuid__": "ceb37f21-c896-4386-83e2-d6f06d447e05"
    },
    "tiles_27": {
      "__uuid__": "32c7a199-51f2-45e4-b23f-64e7a060ac6b"
    },
    "tiles_270": {
      "__uuid__": "1241337f-8f54-4064-988d-0d0b457dacdf"
    },
    "tiles_271": {
      "__uuid__": "476bf44e-5c01-4cc0-a49a-85ddf0320dc9"
    },
    "tiles_272": {
      "__uuid__": "c403cdea-8792-45fa-8575-ede14addf381"
    },
    "tiles_273": {
      "__uuid__": "08336069-b43e-40a6-8b95-96c98f569ef4"
    },
    "tiles_274": {
      "__uuid__": "407cf8e3-56a8-41eb-918e-356abe213ec5"
    },
    "tiles_275": {
      "__uuid__": "4cb8b279-75af-4661-b30a-6d17d5da00c3"
    },
    "tiles_276": {
      "__uuid__": "8c63fae2-9057-4344-b464-98104c4f55c7"
    },
    "tiles_277": {
      "__uuid__": "b6a90dc8-e4b8-47d0-8fa7-2ecf62594a7e"
    },
    "tiles_278": {
      "__uuid__": "33725b05-505b-4545-affa-699255ec14f4"
    },
    "tiles_279": {
      "__uuid__": "244ecf6e-cd09-408c-aae0-bcef50331ee6"
    },
    "tiles_28": {
      "__uuid__": "61df063a-f18b-4fc7-ac46-c07e7964a4bd"
    },
    "tiles_280": {
      "__uuid__": "51f4f345-b026-4108-ad64-eccbe58bfa18"
    },
    "tiles_281": {
      "__uuid__": "d51259f5-c278-4c91-8a8b-9b230c5ea54a"
    },
    "tiles_282": {
      "__uuid__": "7c5d34b7-abd2-4486-85f2-c3c4e323d489"
    },
    "tiles_283": {
      "__uuid__": "9385d71a-5fae-4c2e-a16e-fc7c0173d04b"
    },
    "tiles_284": {
      "__uuid__": "12bda2ad-503a-453c-8e9a-0b4ff99fba02"
    },
    "tiles_285": {
      "__uuid__": "0f56ae3f-8ddc-4fee-afff-ce159281f98c"
    },
    "tiles_286": {
      "__uuid__": "ccf65116-fd88-4bf4-a399-7e0dd58c183a"
    },
    "tiles_287": {
      "__uuid__": "6f48453e-7db0-40d5-aec3-72f516d8afb6"
    },
    "tiles_288": {
      "__uuid__": "191b0158-fdcd-4f23-a9a2-d9ec53caa843"
    },
    "tiles_289": {
      "__uuid__": "0743db11-e220-46c9-842d-162efc3cea7a"
    },
    "tiles_29": {
      "__uuid__": "6bc3e0b2-8bbd-4f05-a191-5350cf892131"
    },
    "tiles_290": {
      "__uuid__": "f3144952-a487-47dd-8d38-728940e9861e"
    },
    "tiles_291": {
      "__uuid__": "dd2aeb1e-f41d-4fcd-b68e-917ee5049058"
    },
    "tiles_292": {
      "__uuid__": "f77e3616-b5c9-45d7-b186-daf78c6d3a5d"
    },
    "tiles_293": {
      "__uuid__": "aa38c481-0af1-419e-b4b1-0bf042b398a4"
    },
    "tiles_294": {
      "__uuid__": "182ddb5d-fbd5-4c68-9b9f-c5ade81cac98"
    },
    "tiles_295": {
      "__uuid__": "a0734524-1a4e-4819-bd45-de62efa5f0aa"
    },
    "tiles_296": {
      "__uuid__": "676546bf-4035-48d2-91f8-89d557372407"
    },
    "tiles_297": {
      "__uuid__": "118e2e2c-b5c3-4bce-9842-19a274cfd964"
    },
    "tiles_298": {
      "__uuid__": "d0d892c8-6fb3-493b-888f-c17e80163b22"
    },
    "tiles_299": {
      "__uuid__": "54b27798-d4c3-4132-bdd9-324eb87d474f"
    },
    "tiles_3": {
      "__uuid__": "35f4564e-972a-4539-9935-99adf6ea3a26"
    },
    "tiles_30": {
      "__uuid__": "4ac4cff4-edf1-419e-8364-7606852d26a1"
    },
    "tiles_300": {
      "__uuid__": "fb27ac99-9f75-446f-9e2d-7b6ecb66cbe1"
    },
    "tiles_301": {
      "__uuid__": "30b510ea-6d1b-4ee2-b795-01602f9b7bbd"
    },
    "tiles_302": {
      "__uuid__": "b0880730-7c40-4223-be3d-8cafd6560ffa"
    },
    "tiles_303": {
      "__uuid__": "da795dbb-c6f9-4cb0-931a-dbc55f035907"
    },
    "tiles_304": {
      "__uuid__": "03c93121-fa15-40ac-b1cd-b949f3ef8396"
    },
    "tiles_305": {
      "__uuid__": "8541675d-2629-45d0-ae13-4dc5ce0a2ecb"
    },
    "tiles_306": {
      "__uuid__": "9f97b2a8-ae32-4258-91aa-0a054c3432fb"
    },
    "tiles_307": {
      "__uuid__": "d2ce2f04-4e3e-42e8-80ea-0c31eea7f3aa"
    },
    "tiles_308": {
      "__uuid__": "72a09740-1e1c-4cf7-8a2f-162a3c3f7a95"
    },
    "tiles_309": {
      "__uuid__": "4be72455-db66-43c9-8821-5958cec65ef2"
    },
    "tiles_31": {
      "__uuid__": "c85c15cb-59a6-4e01-8345-2e2c5d60ee42"
    },
    "tiles_310": {
      "__uuid__": "045680a3-6bd8-4474-a7ca-8398b374d7cc"
    },
    "tiles_311": {
      "__uuid__": "b6f512aa-4f06-433c-9d0d-61c6bb13be31"
    },
    "tiles_312": {
      "__uuid__": "d36f452d-777c-492b-a8f4-8c929329f07f"
    },
    "tiles_313": {
      "__uuid__": "35cd4338-8bd8-4cd9-82c5-80eade551a82"
    },
    "tiles_314": {
      "__uuid__": "8249d84a-b803-4f48-8490-6c4d38563438"
    },
    "tiles_315": {
      "__uuid__": "e00feb18-2447-4d23-8f7b-a82516e1315b"
    },
    "tiles_316": {
      "__uuid__": "a36e444a-79a9-4976-83bc-f258996a79a3"
    },
    "tiles_317": {
      "__uuid__": "4a7cb607-96d0-405c-8536-70c9dcaf9725"
    },
    "tiles_318": {
      "__uuid__": "87181145-989b-4425-b55b-9cf673093e3b"
    },
    "tiles_319": {
      "__uuid__": "90c80d34-79f4-4936-a97a-fd6ac12b88ff"
    },
    "tiles_32": {
      "__uuid__": "95a7b7e7-395c-4de5-af6b-35a97249ddbe"
    },
    "tiles_320": {
      "__uuid__": "c8cf6fb6-865c-497b-ae71-83b0e7ac716e"
    },
    "tiles_321": {
      "__uuid__": "965d5f66-be50-4e84-8f99-f5f17686eb05"
    },
    "tiles_322": {
      "__uuid__": "a8bbbe99-2f8b-4d26-8a26-89a518ecd756"
    },
    "tiles_323": {
      "__uuid__": "38db0a97-5dff-4b00-991c-e13a073b6b4b"
    },
    "tiles_324": {
      "__uuid__": "7f346978-706f-41a6-ba1a-6f7875ffcbb3"
    },
    "tiles_325": {
      "__uuid__": "8ffc9d68-24df-4c40-a1d5-1f714dec3a6e"
    },
    "tiles_326": {
      "__uuid__": "297bc68e-818f-4343-8db4-c48a1ab6a82a"
    },
    "tiles_327": {
      "__uuid__": "a471950a-0021-44b5-b794-3b5850aff5b2"
    },
    "tiles_328": {
      "__uuid__": "f079ede9-4514-4b3c-a07f-e635ba57f8e4"
    },
    "tiles_329": {
      "__uuid__": "9d21e6b2-1010-4899-9d2e-cf965d942f53"
    },
    "tiles_33": {
      "__uuid__": "6081815d-a393-4109-843a-beeac91b61d3"
    },
    "tiles_330": {
      "__uuid__": "6e5d430d-f89b-42c2-b7f1-b9d8b68cf744"
    },
    "tiles_331": {
      "__uuid__": "5274b4d8-4028-43e5-a674-f30835266a22"
    },
    "tiles_332": {
      "__uuid__": "b02aa062-f28f-469e-9f60-d69c8247701c"
    },
    "tiles_333": {
      "__uuid__": "a3fbbfe1-c3a7-4441-b073-62319cb27cf1"
    },
    "tiles_334": {
      "__uuid__": "5108beb1-1a85-4a73-b311-432525d5a8e2"
    },
    "tiles_335": {
      "__uuid__": "6670356f-209c-4ac4-b450-f9182a8aa667"
    },
    "tiles_336": {
      "__uuid__": "b44e93a2-afef-4b5d-a1d5-79a90c50e2eb"
    },
    "tiles_337": {
      "__uuid__": "75373bc8-070b-4392-85ee-ce3d8f4a2899"
    },
    "tiles_338": {
      "__uuid__": "49f1b41f-79bc-41a4-8f05-d32c29a73f36"
    },
    "tiles_339": {
      "__uuid__": "c954f98f-3eca-4f9a-af9c-946f806823e5"
    },
    "tiles_34": {
      "__uuid__": "2914d4c4-e063-42e0-8743-b497a0b0f848"
    },
    "tiles_340": {
      "__uuid__": "23a29ec3-f3ae-4ab1-a0c6-e9246114ee76"
    },
    "tiles_341": {
      "__uuid__": "a3aa9650-3d65-4c80-a65f-a1f8ac1a98db"
    },
    "tiles_342": {
      "__uuid__": "2e0b3061-6488-4e10-a404-11f0b58d88ed"
    },
    "tiles_343": {
      "__uuid__": "126dce95-10fd-4931-a082-343baf63e472"
    },
    "tiles_344": {
      "__uuid__": "2e413da5-10bb-4cf7-8896-3c6111ad02fb"
    },
    "tiles_345": {
      "__uuid__": "e9520c68-d183-4c39-aa59-29e2bf02c170"
    },
    "tiles_346": {
      "__uuid__": "d55fda72-95eb-4414-bf75-a1d78deaf143"
    },
    "tiles_347": {
      "__uuid__": "6f04fb25-dcc6-47f7-9af2-0100159f1b20"
    },
    "tiles_348": {
      "__uuid__": "d3f1a44f-c2e6-4f63-b2a2-7959af227495"
    },
    "tiles_349": {
      "__uuid__": "1d1a40a9-676e-4764-ab07-3fe3908ed6ae"
    },
    "tiles_35": {
      "__uuid__": "6e9280de-ce5f-4074-9057-e9af50f1369d"
    },
    "tiles_350": {
      "__uuid__": "916f2d22-0fc5-4936-81d5-bde98a81fb42"
    },
    "tiles_351": {
      "__uuid__": "b6ce67fe-e0f6-49eb-97ce-7149a10bf702"
    },
    "tiles_352": {
      "__uuid__": "fd2a873a-5b02-4b25-b569-aee78d135c0a"
    },
    "tiles_353": {
      "__uuid__": "ee333f81-86ea-411e-9994-6fd0a122a6da"
    },
    "tiles_354": {
      "__uuid__": "7b6b8944-a2c9-4a06-b2df-638e0c5e0676"
    },
    "tiles_355": {
      "__uuid__": "ace1679a-7fac-4114-a207-0c19e7167ae5"
    },
    "tiles_356": {
      "__uuid__": "cf0cadc0-286a-4743-8427-4d9436686d27"
    },
    "tiles_357": {
      "__uuid__": "8e6db31d-16b4-42d0-a181-eb297cc6da46"
    },
    "tiles_358": {
      "__uuid__": "287e6657-7977-40cd-b30e-05dc046291ac"
    },
    "tiles_359": {
      "__uuid__": "260c44b6-fc3b-46ca-89cb-ea76d75bbfd7"
    },
    "tiles_36": {
      "__uuid__": "afa19e25-379f-49e0-8f64-cc971b227f84"
    },
    "tiles_360": {
      "__uuid__": "d652addd-8f88-4cfa-b372-ceabba192699"
    },
    "tiles_361": {
      "__uuid__": "05afa440-6e50-4884-9a79-d78534824623"
    },
    "tiles_362": {
      "__uuid__": "bfb59fe9-6d60-4d84-b72f-45b3c4d94f55"
    },
    "tiles_363": {
      "__uuid__": "5d4b94dc-dffb-4582-b0d1-ea323cdc1813"
    },
    "tiles_364": {
      "__uuid__": "7b85b010-e588-4e38-8a08-a8b2c552976e"
    },
    "tiles_365": {
      "__uuid__": "11ba78fa-ded3-4074-a4a1-584f981ad7bc"
    },
    "tiles_366": {
      "__uuid__": "f478fb7b-4fda-4579-aa20-339a54610755"
    },
    "tiles_367": {
      "__uuid__": "4c3490a3-58f3-4db6-b4d5-711be731ea4f"
    },
    "tiles_368": {
      "__uuid__": "4da806b3-8d39-474c-a261-36d8409c0760"
    },
    "tiles_369": {
      "__uuid__": "e5369e52-3090-47c0-93b6-1eeac3f1907e"
    },
    "tiles_37": {
      "__uuid__": "4d8c465b-8daf-4dd4-ace1-8e4beb1b1f33"
    },
    "tiles_370": {
      "__uuid__": "313d5590-b48d-4ad7-952c-1272ae471ee2"
    },
    "tiles_371": {
      "__uuid__": "ef954048-b413-48e9-aef9-4802da073da9"
    },
    "tiles_372": {
      "__uuid__": "620da168-7bce-4168-b5c5-1b5b94670d15"
    },
    "tiles_373": {
      "__uuid__": "04ebf965-9359-4579-b707-9f194080d6b0"
    },
    "tiles_374": {
      "__uuid__": "a7170dc1-e4bb-4575-8a5a-59be2a0650fe"
    },
    "tiles_375": {
      "__uuid__": "6788e458-eaf3-4fe8-a28d-dd581ef4e27a"
    },
    "tiles_376": {
      "__uuid__": "f2ba390e-afa9-4dce-a16d-5f22977f8aac"
    },
    "tiles_377": {
      "__uuid__": "064fa7ff-8f81-4509-ba1c-f27c34fc8983"
    },
    "tiles_378": {
      "__uuid__": "f9988257-74c8-48aa-ac86-949e8500862a"
    },
    "tiles_379": {
      "__uuid__": "9614d710-d9ff-4f6c-b12b-57ad59b013d9"
    },
    "tiles_38": {
      "__uuid__": "3946da77-c2c1-42d2-a044-7887bf78c762"
    },
    "tiles_380": {
      "__uuid__": "ad9f57d3-cd11-424f-9c1a-c0615aae3e01"
    },
    "tiles_381": {
      "__uuid__": "12650d42-dc12-44c8-9ade-bb59a13c4736"
    },
    "tiles_382": {
      "__uuid__": "44a8ef38-e381-4ca4-a011-c663690314db"
    },
    "tiles_383": {
      "__uuid__": "5a4fcbdb-b02d-427f-97d8-24a05e6abbdf"
    },
    "tiles_384": {
      "__uuid__": "26c3162d-c33e-4552-9dc0-9867b191ca0e"
    },
    "tiles_385": {
      "__uuid__": "bfcc67c8-2a6f-4474-9cf6-01a3a59a325e"
    },
    "tiles_386": {
      "__uuid__": "ad0bf380-e25f-4bc8-b082-2170225593ed"
    },
    "tiles_387": {
      "__uuid__": "2663bedf-bef4-4b59-b15a-43a5adb321c1"
    },
    "tiles_388": {
      "__uuid__": "afa1b850-30b4-4069-8ba3-abf5a49c0e6b"
    },
    "tiles_389": {
      "__uuid__": "29d06f69-1aa6-4533-b7c2-d525e85b7d6b"
    },
    "tiles_39": {
      "__uuid__": "6391e9d3-2e60-436c-8a55-ff00a23ba41c"
    },
    "tiles_390": {
      "__uuid__": "ec9d4a90-eb1f-4607-87eb-4053d32da92f"
    },
    "tiles_391": {
      "__uuid__": "a4b76043-117f-4d1b-b70f-a1215ced3bff"
    },
    "tiles_392": {
      "__uuid__": "6abd0448-6641-41d7-a33a-8ad38433f51e"
    },
    "tiles_393": {
      "__uuid__": "07dd1728-a8e2-4ea0-b5dd-df4d90da0f4e"
    },
    "tiles_394": {
      "__uuid__": "d8febced-2d2f-4737-b9bf-5bef7cf1a774"
    },
    "tiles_395": {
      "__uuid__": "39409faf-ebc4-43c4-b8ea-53d35aae4616"
    },
    "tiles_396": {
      "__uuid__": "ae4c65f9-e067-419d-aa78-7a58527abe3c"
    },
    "tiles_397": {
      "__uuid__": "fec7c2a1-c963-423f-90e7-58d0a20f2596"
    },
    "tiles_398": {
      "__uuid__": "304d3767-5cd4-4657-88c8-40a6ec73b148"
    },
    "tiles_399": {
      "__uuid__": "71342ed2-b819-40e6-bccb-b5b1fc0f09ff"
    },
    "tiles_4": {
      "__uuid__": "72297656-10e3-4b64-aa8d-56c5da637d6a"
    },
    "tiles_40": {
      "__uuid__": "49d6c5b7-55c0-443d-b150-24fbc94afdbf"
    },
    "tiles_400": {
      "__uuid__": "98e32e79-0cd4-47a7-9d88-4d6792cc27ed"
    },
    "tiles_401": {
      "__uuid__": "2030b4ce-d341-47c6-a694-639c28863890"
    },
    "tiles_402": {
      "__uuid__": "b8de9a93-63c4-4bd2-9105-e744bc10c38f"
    },
    "tiles_403": {
      "__uuid__": "720ab0c9-3ad9-4bdf-a2d7-15f4afcb3f35"
    },
    "tiles_404": {
      "__uuid__": "341ccd87-c965-4188-99e1-e2b6304603c7"
    },
    "tiles_405": {
      "__uuid__": "5fbdcad2-cfbf-481c-b132-ba353415a70d"
    },
    "tiles_406": {
      "__uuid__": "0080c431-1ac1-41a9-a468-bab34b506c87"
    },
    "tiles_407": {
      "__uuid__": "74a38eaf-7c0c-4a4d-b5f3-2eeb5c177f9c"
    },
    "tiles_408": {
      "__uuid__": "9776dbbf-4c9e-4217-aeac-27440e9c588a"
    },
    "tiles_409": {
      "__uuid__": "312ce77c-51b4-4861-bf1c-3454c7599a4b"
    },
    "tiles_41": {
      "__uuid__": "96c2c7a0-80ab-432a-a5c4-7505a02dce6b"
    },
    "tiles_410": {
      "__uuid__": "a5588e0a-d516-46e1-b41c-85a450016699"
    },
    "tiles_411": {
      "__uuid__": "89ef49f8-ec89-4688-b882-f8ea6279287e"
    },
    "tiles_412": {
      "__uuid__": "235810a3-c736-45c0-9918-ac66f2363ba8"
    },
    "tiles_413": {
      "__uuid__": "6bfec684-e08b-4152-b322-8a29128c2525"
    },
    "tiles_414": {
      "__uuid__": "1894a175-2092-4127-a176-5201fd893543"
    },
    "tiles_415": {
      "__uuid__": "61f1ee78-d710-4f6e-8c7f-da05388ddd4e"
    },
    "tiles_416": {
      "__uuid__": "578dc937-c9c2-435f-bbfa-fe0916fe2dec"
    },
    "tiles_417": {
      "__uuid__": "29180a4b-e3b2-4d5c-886a-36d7cca1584b"
    },
    "tiles_418": {
      "__uuid__": "44b8bb4c-5230-484c-a01e-47631d046030"
    },
    "tiles_419": {
      "__uuid__": "50ff1491-4a9f-4550-8bbd-653df0f6d05b"
    },
    "tiles_42": {
      "__uuid__": "a3fae3ca-11e3-4ff1-9f9c-535c899d21b2"
    },
    "tiles_420": {
      "__uuid__": "4bf294e1-d349-48e2-93d0-f9853fe4bb77"
    },
    "tiles_421": {
      "__uuid__": "c2ab4233-cd72-41c9-a39a-e06ae534db70"
    },
    "tiles_422": {
      "__uuid__": "f7ac3d4b-b009-43d1-bfc4-07d7459c953d"
    },
    "tiles_423": {
      "__uuid__": "356786e0-da7b-4de0-84ee-d6830d2b9bbd"
    },
    "tiles_424": {
      "__uuid__": "a168711b-aa05-40a2-adee-c528b876b076"
    },
    "tiles_425": {
      "__uuid__": "aec3b7ce-aba2-44c8-aaa0-67ad0ec88d8c"
    },
    "tiles_426": {
      "__uuid__": "6908b632-0923-44ba-96c7-e90275dfda66"
    },
    "tiles_427": {
      "__uuid__": "0c2641a6-cc1e-4e94-9e82-fb0405cd233a"
    },
    "tiles_428": {
      "__uuid__": "123c63fc-e76f-43a7-843f-2f9f628a2f84"
    },
    "tiles_429": {
      "__uuid__": "c7b400e7-2d66-4c2d-9b56-c455f8d4c5b1"
    },
    "tiles_43": {
      "__uuid__": "03f93ea4-6059-4ccb-8c15-11a3cb3885a5"
    },
    "tiles_430": {
      "__uuid__": "8cfb70d3-5090-4d5b-8edf-5f47826bc837"
    },
    "tiles_431": {
      "__uuid__": "68fc3685-5d85-4e29-970f-d4df8531e5b5"
    },
    "tiles_432": {
      "__uuid__": "c5f13b6c-c6d2-40c9-ab80-1537a6a86311"
    },
    "tiles_433": {
      "__uuid__": "a1c079dc-0b6c-47f5-8126-18c3ea96e6a6"
    },
    "tiles_434": {
      "__uuid__": "b8a505c6-5765-45dd-803b-6a809a48c465"
    },
    "tiles_435": {
      "__uuid__": "ce891d41-1ac2-48f4-b6fa-82dc4606b2c2"
    },
    "tiles_436": {
      "__uuid__": "88efe4ac-1d14-429d-a30e-20c2ddd2e43e"
    },
    "tiles_437": {
      "__uuid__": "d24693e9-05dc-4f21-b02d-05d9fb5a0426"
    },
    "tiles_438": {
      "__uuid__": "54ded19a-0c6f-4a31-88d0-6744b2dee5b2"
    },
    "tiles_439": {
      "__uuid__": "085253b0-7129-4e73-8b9f-3f29ebc60815"
    },
    "tiles_44": {
      "__uuid__": "05f2d681-8bf2-4698-b344-763ca8f237d0"
    },
    "tiles_440": {
      "__uuid__": "fe4d5ff3-6da0-48d3-bbeb-4faf6af82832"
    },
    "tiles_441": {
      "__uuid__": "75aeeff7-992a-4ac9-8a40-78e2158549a4"
    },
    "tiles_442": {
      "__uuid__": "c08b8a71-f536-46f2-9408-08b409279fb7"
    },
    "tiles_443": {
      "__uuid__": "a24375dc-67ed-4a5e-a668-629de556aa50"
    },
    "tiles_444": {
      "__uuid__": "7c3c0fbf-e637-4cc9-889f-ac70dc83a261"
    },
    "tiles_445": {
      "__uuid__": "15b2d060-1b3a-4d48-8c6b-8701a91de90f"
    },
    "tiles_446": {
      "__uuid__": "3c0b9b2f-ce51-427c-a03c-2218a579af02"
    },
    "tiles_447": {
      "__uuid__": "80f48361-5351-467f-b020-bc936f0eb2c5"
    },
    "tiles_448": {
      "__uuid__": "b552e8fe-669c-41ab-870e-343a7360768b"
    },
    "tiles_449": {
      "__uuid__": "ab6657f0-4fc4-476a-95a9-5c1549292cc3"
    },
    "tiles_45": {
      "__uuid__": "9cb26a1b-2040-4af2-8072-75e09d554a89"
    },
    "tiles_450": {
      "__uuid__": "b49c2417-0dbe-498e-bb5b-c784199c8517"
    },
    "tiles_451": {
      "__uuid__": "ddbd4d4f-bbd2-48ea-9afb-ae577ad6b1ec"
    },
    "tiles_452": {
      "__uuid__": "8566b9bd-b1d0-4b04-8e87-afeaec3c5b85"
    },
    "tiles_453": {
      "__uuid__": "c75fd944-e2dd-41bf-9227-b6a96a2175ac"
    },
    "tiles_454": {
      "__uuid__": "227f83bf-5af4-4a0a-a60c-07ee8f7ca266"
    },
    "tiles_455": {
      "__uuid__": "bc4c89e2-0f64-4660-bcad-e041732160fa"
    },
    "tiles_456": {
      "__uuid__": "f5058ceb-cf99-4717-a51b-cd80a15766fc"
    },
    "tiles_457": {
      "__uuid__": "393448fd-455e-473a-8f8f-f3e4d8bce969"
    },
    "tiles_458": {
      "__uuid__": "20a5386e-74f4-4355-9d63-044f0349dab9"
    },
    "tiles_459": {
      "__uuid__": "87e0128e-f69c-4252-bda9-0d62a5807b09"
    },
    "tiles_46": {
      "__uuid__": "88621ef3-37bb-4da9-ad0f-27ed2d1c36b7"
    },
    "tiles_460": {
      "__uuid__": "8e99dfb4-6d37-45e0-82e0-0eb1fbbc2e86"
    },
    "tiles_461": {
      "__uuid__": "7901db39-fa40-4b3c-941c-8dccfd883e47"
    },
    "tiles_462": {
      "__uuid__": "787a64f8-e4e5-455d-b8d8-4d4fa9edd7c6"
    },
    "tiles_463": {
      "__uuid__": "6588b68e-35cc-4a29-9ea6-747a838b449e"
    },
    "tiles_464": {
      "__uuid__": "330167bb-ecda-464b-84ab-ba5761cf8058"
    },
    "tiles_465": {
      "__uuid__": "369ae736-597d-450a-8a20-3953b90f2970"
    },
    "tiles_466": {
      "__uuid__": "9bbb0d70-35a9-4d64-8b6e-44d3a4b46e4c"
    },
    "tiles_467": {
      "__uuid__": "673930e1-3b99-4a44-8e8f-ec1062f39ae0"
    },
    "tiles_468": {
      "__uuid__": "952e9114-5a22-42c6-94b3-784e868bd75e"
    },
    "tiles_469": {
      "__uuid__": "049c5468-78b4-4415-b8e5-882b53212a7c"
    },
    "tiles_47": {
      "__uuid__": "0895e20e-4ce8-41fe-98cc-87658da8000a"
    },
    "tiles_470": {
      "__uuid__": "d1e10b1e-9c8d-41b2-87d6-8822c2b35659"
    },
    "tiles_471": {
      "__uuid__": "a5ae1ade-4deb-4b44-8eeb-1161d30bf69b"
    },
    "tiles_472": {
      "__uuid__": "064d7a14-e49c-4156-a96f-fa33e9048a0c"
    },
    "tiles_473": {
      "__uuid__": "ef193e01-cbb9-43dc-87d8-88b44a150d2b"
    },
    "tiles_474": {
      "__uuid__": "b6d36da4-1833-4b0e-bca2-2be63a0c285d"
    },
    "tiles_475": {
      "__uuid__": "c5ebb934-f4ee-45b2-9b6f-d01ef7f5201d"
    },
    "tiles_476": {
      "__uuid__": "96f923b7-0a79-4086-9609-32b9f0751907"
    },
    "tiles_477": {
      "__uuid__": "3705ec0b-b64d-4a0e-83ff-bcde074235e6"
    },
    "tiles_478": {
      "__uuid__": "84ad2a9a-47c5-431f-ac2c-e4ace582a821"
    },
    "tiles_479": {
      "__uuid__": "cf7ec746-2742-43de-8599-ffd6600b4d5a"
    },
    "tiles_48": {
      "__uuid__": "20b7de74-51b3-4e5b-a7cc-f3f8711adcf2"
    },
    "tiles_480": {
      "__uuid__": "f81061f2-7989-4d9b-9671-2c9947b37ee9"
    },
    "tiles_481": {
      "__uuid__": "98af49a8-498a-4575-a3b5-8d5aa21bec93"
    },
    "tiles_482": {
      "__uuid__": "a0a27a12-fe7b-409b-8946-602405f6c132"
    },
    "tiles_483": {
      "__uuid__": "378fec77-65c9-46a0-aef2-a79c6d2a47ce"
    },
    "tiles_484": {
      "__uuid__": "b90e6c7d-bcfa-407e-860f-fb1a2e833711"
    },
    "tiles_485": {
      "__uuid__": "97821d28-92c9-4a4a-98a6-8b0627407f9b"
    },
    "tiles_486": {
      "__uuid__": "096870cb-89e7-4373-8aba-9514160e0fcb"
    },
    "tiles_487": {
      "__uuid__": "752d4202-a268-4f0c-b51b-c65cd846fb0c"
    },
    "tiles_488": {
      "__uuid__": "6872cd91-4639-478e-a2ad-37f295c48b34"
    },
    "tiles_489": {
      "__uuid__": "dd5fcc33-127b-4031-888e-9315b8ff4629"
    },
    "tiles_49": {
      "__uuid__": "6c435083-4732-4063-914d-b5fb6f8c6139"
    },
    "tiles_490": {
      "__uuid__": "618c0559-8d5d-4e84-afe2-1ed86e0beb7e"
    },
    "tiles_491": {
      "__uuid__": "1f1c3b95-968b-4cc8-ae42-9c128f97a77d"
    },
    "tiles_492": {
      "__uuid__": "fde2e7bc-e578-48f3-a029-3b45310b30b7"
    },
    "tiles_493": {
      "__uuid__": "7b1e3e6b-0a35-4c94-84ee-f8a7d243dabe"
    },
    "tiles_494": {
      "__uuid__": "cd060198-3cb8-4066-9644-359dc6a8c85c"
    },
    "tiles_495": {
      "__uuid__": "b720af85-8468-41f6-828f-76efbaab1d84"
    },
    "tiles_496": {
      "__uuid__": "8cb9f144-068c-42ed-898f-bd50fc8f3588"
    },
    "tiles_497": {
      "__uuid__": "b4a90b47-6144-4e29-a2ae-5bedfefa4567"
    },
    "tiles_498": {
      "__uuid__": "225160a9-6c24-4bce-a5fa-27af3a98ebad"
    },
    "tiles_499": {
      "__uuid__": "120636dc-3bfb-4667-b88c-960850b2cce8"
    },
    "tiles_5": {
      "__uuid__": "b108b21d-38a6-4f37-a96d-aa15ef043dd4"
    },
    "tiles_50": {
      "__uuid__": "d3428b3c-0172-48c0-9d4d-49b4b9502241"
    },
    "tiles_500": {
      "__uuid__": "a43cae70-b678-4283-b45e-15169d557764"
    },
    "tiles_501": {
      "__uuid__": "2d1b87f5-95fc-43a5-a8b0-ed02f3d4a7ab"
    },
    "tiles_502": {
      "__uuid__": "99976a9f-04c5-4789-9c93-e24092487c8c"
    },
    "tiles_503": {
      "__uuid__": "ee9d55a3-2e81-4992-818c-2fd1c106bb47"
    },
    "tiles_504": {
      "__uuid__": "8f379de6-a437-4db3-b48b-5d30b621ffb2"
    },
    "tiles_505": {
      "__uuid__": "480e797b-df81-40e7-a66c-3fab861c1243"
    },
    "tiles_506": {
      "__uuid__": "d8cfc128-5f2a-4601-9cc2-67ec2f2afceb"
    },
    "tiles_507": {
      "__uuid__": "a66383f9-eb34-4c0a-9b1b-c2cb1836a162"
    },
    "tiles_508": {
      "__uuid__": "e9a48aa9-93ff-4d79-a1ba-30860f0c1724"
    },
    "tiles_509": {
      "__uuid__": "fabcb322-a8b5-4170-ad0d-2d76dfd02f75"
    },
    "tiles_51": {
      "__uuid__": "db1fb9cf-0d88-48f8-a60a-c58b4b7e717a"
    },
    "tiles_510": {
      "__uuid__": "d96edc81-f91e-4d3c-90e6-dcb56bb254e2"
    },
    "tiles_511": {
      "__uuid__": "1904c055-5445-491c-ae21-01b6b49776b2"
    },
    "tiles_512": {
      "__uuid__": "8de9262a-d53c-4e53-92e9-6dd9434b6639"
    },
    "tiles_513": {
      "__uuid__": "c35f1d83-4dd8-4805-a61b-2ef4857905c3"
    },
    "tiles_514": {
      "__uuid__": "f4d93222-cbc1-4699-b225-b8a2625ce13c"
    },
    "tiles_515": {
      "__uuid__": "538d0e3d-dd58-47ec-9c52-7d0dbbb35b88"
    },
    "tiles_516": {
      "__uuid__": "8956ce26-a187-46df-a395-28828ff5014b"
    },
    "tiles_517": {
      "__uuid__": "503415a1-8b6f-470a-a289-65a4fc6b0caa"
    },
    "tiles_518": {
      "__uuid__": "a7f0bda8-a7d6-4552-adc3-7aa0e2d4db9b"
    },
    "tiles_519": {
      "__uuid__": "78209de5-be75-40af-a6be-7021207ada71"
    },
    "tiles_52": {
      "__uuid__": "21119b0a-3b24-4d85-b71f-d696a2e68a78"
    },
    "tiles_520": {
      "__uuid__": "b27b6ef1-0dc4-40ae-8a66-7b25d0709c4b"
    },
    "tiles_521": {
      "__uuid__": "019420a4-c1ac-4290-a38d-5aa0d883c60f"
    },
    "tiles_522": {
      "__uuid__": "d10a0b61-d434-414b-8871-2ded4fb7acfa"
    },
    "tiles_523": {
      "__uuid__": "d4bbd56a-8ad5-4f63-bed6-a1e1eaf16cbf"
    },
    "tiles_524": {
      "__uuid__": "5712f560-9488-41a6-a282-4d96869a9e36"
    },
    "tiles_525": {
      "__uuid__": "da2f31a7-c6a3-4cd4-addc-1df5aed600da"
    },
    "tiles_526": {
      "__uuid__": "c339fb16-283a-4093-8d96-9d4170896455"
    },
    "tiles_527": {
      "__uuid__": "7d3ce403-94fd-42a4-89e9-7918b6209723"
    },
    "tiles_528": {
      "__uuid__": "34747b0f-fa54-4ffc-93f2-b13916ccb321"
    },
    "tiles_529": {
      "__uuid__": "43df9b3c-906e-48c5-9987-3bed3ab65dee"
    },
    "tiles_53": {
      "__uuid__": "e259a4f5-80e8-45a8-9b77-bae5ee855ee1"
    },
    "tiles_530": {
      "__uuid__": "042e80ca-276d-4eaa-81cd-08ec2458cebe"
    },
    "tiles_531": {
      "__uuid__": "37d46fc1-98f3-4bde-9ab7-5d39844291b9"
    },
    "tiles_532": {
      "__uuid__": "c04eb812-2257-4c6e-a5f8-2e991168ad3c"
    },
    "tiles_533": {
      "__uuid__": "b931ec4d-1c58-41e1-95ca-1b71aaa3178e"
    },
    "tiles_534": {
      "__uuid__": "2da05d16-b602-46d5-bb4f-d6ac79c769ae"
    },
    "tiles_535": {
      "__uuid__": "7d016c59-390c-49ee-93be-980cb71e1cf0"
    },
    "tiles_536": {
      "__uuid__": "6ac49ec6-4637-4c27-b454-1cb40d9a645a"
    },
    "tiles_537": {
      "__uuid__": "4ae38e89-cf35-4c99-958b-bb1bf648ebe7"
    },
    "tiles_538": {
      "__uuid__": "b4a9e318-5aa6-40fd-a884-5591c6b12d2c"
    },
    "tiles_539": {
      "__uuid__": "adc00788-f86a-4f0c-ac02-e784da8e9121"
    },
    "tiles_54": {
      "__uuid__": "47acb350-7cd3-4fc3-a46e-0e66810bcf05"
    },
    "tiles_540": {
      "__uuid__": "8cd98909-75e6-4d48-94d2-0723cff7e327"
    },
    "tiles_541": {
      "__uuid__": "e55d5293-fdf7-46d1-b8df-94f4bf10237f"
    },
    "tiles_542": {
      "__uuid__": "bc79ddd3-c98a-4d79-9024-a41895e0563e"
    },
    "tiles_543": {
      "__uuid__": "13483920-113a-4c83-a8a4-61b81f040094"
    },
    "tiles_544": {
      "__uuid__": "9d9af00e-1694-446f-ade4-919f0eb81fbd"
    },
    "tiles_545": {
      "__uuid__": "a3bb3f3b-3f90-44a8-b95b-e2cdaec3ea15"
    },
    "tiles_546": {
      "__uuid__": "61eea9a9-f146-4884-834a-e9e2f41c3b48"
    },
    "tiles_547": {
      "__uuid__": "41093122-cda8-4f33-b387-e0e6423208f2"
    },
    "tiles_548": {
      "__uuid__": "adfc5e1f-5e93-42a8-8588-b4547121e654"
    },
    "tiles_549": {
      "__uuid__": "e5fa404e-9857-4825-a5d2-208893710b42"
    },
    "tiles_55": {
      "__uuid__": "b717f2bb-8b0e-42f3-8af0-f5b08cc2857b"
    },
    "tiles_550": {
      "__uuid__": "a761a6ad-67ec-4002-8a9c-c8fa92e11ccd"
    },
    "tiles_551": {
      "__uuid__": "3fa56ab6-16e2-4870-bae0-1f3fcd23ed55"
    },
    "tiles_552": {
      "__uuid__": "9426ca38-8ce3-4ee1-a932-6de321ef44be"
    },
    "tiles_553": {
      "__uuid__": "da005d07-7946-4a9d-9afb-5793a92399d4"
    },
    "tiles_554": {
      "__uuid__": "95886b85-910d-46a9-9fee-73bc648fe07f"
    },
    "tiles_555": {
      "__uuid__": "55608f10-4085-4295-b373-20bf2c2b3079"
    },
    "tiles_556": {
      "__uuid__": "17fd2eee-2767-4cc6-bdc0-902caf5801e2"
    },
    "tiles_557": {
      "__uuid__": "33c740f8-bb4b-4e95-a3ab-783f16bd6fb8"
    },
    "tiles_558": {
      "__uuid__": "2466d0cb-6f80-4ff2-9ad7-9863004ac812"
    },
    "tiles_559": {
      "__uuid__": "cfc076da-90e7-4f23-a782-5d683cbfa59a"
    },
    "tiles_56": {
      "__uuid__": "a5bbb14f-cf2d-45d7-8253-005d8a436aa4"
    },
    "tiles_560": {
      "__uuid__": "3bbbb4f9-91af-436e-968c-c7924eb4bcba"
    },
    "tiles_561": {
      "__uuid__": "051796bd-25ae-40a2-aabb-9e2d81262da4"
    },
    "tiles_562": {
      "__uuid__": "105fe3f7-24f2-41da-8220-bbb868141c2f"
    },
    "tiles_563": {
      "__uuid__": "81f7bda4-1e8a-47c5-97be-91618add8afa"
    },
    "tiles_564": {
      "__uuid__": "66029f5f-4c05-425d-8eae-9cad18fd05f1"
    },
    "tiles_565": {
      "__uuid__": "78eb5fc8-6e46-4f8d-82ac-06841708c4d6"
    },
    "tiles_566": {
      "__uuid__": "389b5336-7e36-4783-9677-50694c598051"
    },
    "tiles_567": {
      "__uuid__": "776f9e54-1348-4ea9-a5e7-edc1435ce571"
    },
    "tiles_568": {
      "__uuid__": "8019db2a-9895-43e6-8f54-0c9430bab399"
    },
    "tiles_569": {
      "__uuid__": "c710e746-337c-4976-9991-45e6dd456e8d"
    },
    "tiles_57": {
      "__uuid__": "91918557-2697-4760-a175-e7c38660625b"
    },
    "tiles_570": {
      "__uuid__": "7ad490eb-c5b5-48a8-a064-d8f93512fefe"
    },
    "tiles_571": {
      "__uuid__": "ed99de6e-0d01-43ab-8a26-b3ec32be8a02"
    },
    "tiles_572": {
      "__uuid__": "6c6622db-5787-45e4-85da-f9ac4d073907"
    },
    "tiles_573": {
      "__uuid__": "14ae34b9-f127-4924-9943-5bcd463e41b7"
    },
    "tiles_574": {
      "__uuid__": "a0e20e75-c53a-4a52-a729-72a52d4fbcc6"
    },
    "tiles_575": {
      "__uuid__": "bfdc9814-23ab-44cf-a076-90fb3d39b0e0"
    },
    "tiles_576": {
      "__uuid__": "e6caac7c-a669-4846-a7c1-1e7874305c2d"
    },
    "tiles_577": {
      "__uuid__": "a1ca16ab-ce36-4e9c-9641-3a6a3819b30d"
    },
    "tiles_578": {
      "__uuid__": "ccc538de-624f-421f-a3a5-496201f9ad1b"
    },
    "tiles_579": {
      "__uuid__": "02fd0f20-2fe0-43f5-800a-bb1ce9fcd8b8"
    },
    "tiles_58": {
      "__uuid__": "e8c1eea1-e131-46d7-99d5-10815d2ce84e"
    },
    "tiles_580": {
      "__uuid__": "18b679dc-bf88-4e0e-b168-274b19dbeb46"
    },
    "tiles_581": {
      "__uuid__": "1e448dc1-c82a-4116-a04c-1ded34560dc8"
    },
    "tiles_582": {
      "__uuid__": "61e38c45-de78-4b39-8782-29eaa26ee737"
    },
    "tiles_583": {
      "__uuid__": "4d1e3df9-eb76-4e27-a860-482a02d6adb8"
    },
    "tiles_584": {
      "__uuid__": "5e8e6e62-b7ec-475e-aaf2-cb1c23902020"
    },
    "tiles_585": {
      "__uuid__": "153773c5-087e-4dd1-b805-7131a050691b"
    },
    "tiles_586": {
      "__uuid__": "9f542977-6989-4ad5-a6f9-b5081751ec06"
    },
    "tiles_587": {
      "__uuid__": "4b3b9f07-9a7c-4052-a43f-d6a8eb969a71"
    },
    "tiles_588": {
      "__uuid__": "4cb9967e-55c7-45c1-b421-20b5e7356210"
    },
    "tiles_589": {
      "__uuid__": "258d52b9-6d73-42a3-861a-dec7e025f980"
    },
    "tiles_59": {
      "__uuid__": "6791b2df-7d22-4e91-ad27-672e604a9086"
    },
    "tiles_590": {
      "__uuid__": "e9362ed0-aed2-4ea2-8fe5-6408254d80a0"
    },
    "tiles_591": {
      "__uuid__": "cd46c8f8-aa3d-44d8-b495-bb70498c8a83"
    },
    "tiles_592": {
      "__uuid__": "d7def60e-fd58-4d90-a624-e720f2506325"
    },
    "tiles_593": {
      "__uuid__": "a0d12271-06ed-4880-b2cb-c854fd30e467"
    },
    "tiles_594": {
      "__uuid__": "1a27492b-5b0b-4bf5-8692-1d863abfbb87"
    },
    "tiles_595": {
      "__uuid__": "b7144516-a04d-40da-8ac7-cc5a31a9a20b"
    },
    "tiles_596": {
      "__uuid__": "797fa78d-0cfc-4915-96ed-ef538613fff6"
    },
    "tiles_597": {
      "__uuid__": "9a8d0991-1bee-4e2a-bb84-17046aaff58d"
    },
    "tiles_598": {
      "__uuid__": "2ab6e01a-fc05-4d00-9145-fd2d80a3ad10"
    },
    "tiles_599": {
      "__uuid__": "765e2103-f2cf-4cc7-93e0-f2b1532a7ef2"
    },
    "tiles_6": {
      "__uuid__": "f44de722-6a0f-431a-a8bf-a179a58ad40a"
    },
    "tiles_60": {
      "__uuid__": "86e8ae84-c0bf-408d-81eb-47ab14638744"
    },
    "tiles_600": {
      "__uuid__": "58b791c0-dda3-4512-b43d-d5cece9cc1a5"
    },
    "tiles_601": {
      "__uuid__": "ed384c09-4690-4f97-b4f3-2323cab74696"
    },
    "tiles_602": {
      "__uuid__": "b9741768-a913-43c1-a0be-4edeb929774f"
    },
    "tiles_603": {
      "__uuid__": "cfd59da5-06b8-4788-bd3b-377f43403ea7"
    },
    "tiles_604": {
      "__uuid__": "f98651a3-1eaa-4620-8f85-e12e7cfa997e"
    },
    "tiles_605": {
      "__uuid__": "7c210c5e-1752-42d6-8b8a-f7d7b1cc9526"
    },
    "tiles_606": {
      "__uuid__": "43497421-0969-4ece-ad91-1a29a7d2a50d"
    },
    "tiles_607": {
      "__uuid__": "a4313ca9-5035-48cd-b849-a9fbb4f8f306"
    },
    "tiles_608": {
      "__uuid__": "47f8e5c5-b19f-4111-844f-25716b40b156"
    },
    "tiles_609": {
      "__uuid__": "739865b8-1927-4ac4-912a-165576174e6d"
    },
    "tiles_61": {
      "__uuid__": "c396d2a3-6e1b-410b-8284-90d89508ab42"
    },
    "tiles_610": {
      "__uuid__": "b44e9f27-8eca-4d47-a850-14ac1fd7bd48"
    },
    "tiles_611": {
      "__uuid__": "5b42f330-741c-43b0-9434-3bc403edf7bc"
    },
    "tiles_612": {
      "__uuid__": "c524a6d3-4029-40fc-ac05-6627fd583900"
    },
    "tiles_613": {
      "__uuid__": "98606f87-0eb0-4edb-b375-06fcc32919f5"
    },
    "tiles_614": {
      "__uuid__": "808b8084-e040-4125-b273-1d72e325535b"
    },
    "tiles_615": {
      "__uuid__": "9792cb79-84db-4d1e-9123-d9df975ed137"
    },
    "tiles_616": {
      "__uuid__": "f21ad3fa-7e05-4db6-97b8-89f74f06d748"
    },
    "tiles_617": {
      "__uuid__": "6cc1f46f-da15-4845-924c-c5d34a749dde"
    },
    "tiles_618": {
      "__uuid__": "3418bd28-07b9-429a-b534-e0f07efa5649"
    },
    "tiles_619": {
      "__uuid__": "28c681ce-c145-4748-809b-9e12b2d073db"
    },
    "tiles_62": {
      "__uuid__": "a6d9d8a0-4605-4869-9a80-4e76724bd951"
    },
    "tiles_620": {
      "__uuid__": "c4e2dff0-170e-48b5-ae3b-024e979b4975"
    },
    "tiles_621": {
      "__uuid__": "1b6d9fec-d7c6-4dbe-9910-eb73bb7a88a0"
    },
    "tiles_622": {
      "__uuid__": "d7332b19-4eb2-40cc-83f0-633b7b123b76"
    },
    "tiles_623": {
      "__uuid__": "bee09575-f43e-4d65-8e56-edeffcb47153"
    },
    "tiles_624": {
      "__uuid__": "7bfdb195-e583-4193-81c1-347804c86820"
    },
    "tiles_625": {
      "__uuid__": "99fd5e0b-965b-4dad-a848-577c12eec9a4"
    },
    "tiles_626": {
      "__uuid__": "6e27cb75-0c74-46fe-8b6a-c3d751fe18a0"
    },
    "tiles_627": {
      "__uuid__": "f78ce444-69a4-4614-ad96-06214a6be2bc"
    },
    "tiles_628": {
      "__uuid__": "9454ef2d-f592-4225-a037-513ef2abe62a"
    },
    "tiles_629": {
      "__uuid__": "902c8370-1f76-4561-a520-0925bfa78c7d"
    },
    "tiles_63": {
      "__uuid__": "fab1a82d-7835-4f5a-95ba-975f3c67cde3"
    },
    "tiles_630": {
      "__uuid__": "68a27a20-a37a-4f12-8c86-6fc818e4b9f3"
    },
    "tiles_631": {
      "__uuid__": "44beb4e7-6195-4c3a-927d-b244b403a0dd"
    },
    "tiles_632": {
      "__uuid__": "6be24607-e8c4-4c50-8232-cd8b59f31506"
    },
    "tiles_633": {
      "__uuid__": "430d06f6-fbd0-421b-a9e9-f2272d9584cf"
    },
    "tiles_634": {
      "__uuid__": "8fc796ac-f77c-49ab-8ffe-b2b49774f2e6"
    },
    "tiles_635": {
      "__uuid__": "62f99ecb-056a-4012-81a5-5579804e6358"
    },
    "tiles_636": {
      "__uuid__": "4a542663-68d9-47aa-a8e0-452a05dfc241"
    },
    "tiles_637": {
      "__uuid__": "49cd11f8-6e2f-4492-8140-3225c71b74a8"
    },
    "tiles_638": {
      "__uuid__": "29d7c658-493a-4795-870e-e18dc0286a9b"
    },
    "tiles_639": {
      "__uuid__": "7c57f15b-d6a6-40b3-9113-d0f5af488046"
    },
    "tiles_64": {
      "__uuid__": "74456abe-9788-4e54-bcd2-128e2fa729ca"
    },
    "tiles_640": {
      "__uuid__": "0362c1f2-3f90-4c69-833e-f68be5184e22"
    },
    "tiles_641": {
      "__uuid__": "97da1f05-8e16-4ae7-9c8c-219b764ba2e8"
    },
    "tiles_642": {
      "__uuid__": "90de4770-4261-4988-9d0c-ecfd1f8b0724"
    },
    "tiles_643": {
      "__uuid__": "114f7149-e220-49a8-b5ed-eb444dc6cede"
    },
    "tiles_644": {
      "__uuid__": "38e43d7f-f89a-464d-a7e4-5a71beef033c"
    },
    "tiles_645": {
      "__uuid__": "3f747fb2-e8ff-42c4-b388-0d3365c81113"
    },
    "tiles_646": {
      "__uuid__": "cab022f3-f8f1-4c39-b2c6-4a04e32b4c65"
    },
    "tiles_647": {
      "__uuid__": "b828b083-b4f5-4c38-9edf-cb388eb456f2"
    },
    "tiles_648": {
      "__uuid__": "97822e99-5a9e-4e44-9bc7-de1ce0f874e2"
    },
    "tiles_649": {
      "__uuid__": "9cfadf24-33ee-4824-a06d-538d7f005ae7"
    },
    "tiles_65": {
      "__uuid__": "348b2f40-49fd-4ada-942b-52377457c485"
    },
    "tiles_650": {
      "__uuid__": "198772a0-ce2e-4e42-9878-c8d9a5525b77"
    },
    "tiles_651": {
      "__uuid__": "59f8571c-4e2f-4413-833a-ae322a5455cc"
    },
    "tiles_652": {
      "__uuid__": "a81a1efd-9cc3-4f45-819d-42f16cd1ffdb"
    },
    "tiles_653": {
      "__uuid__": "95ec55d0-978c-4551-b7ef-934908792be3"
    },
    "tiles_654": {
      "__uuid__": "57d230ab-fd4a-4cec-8033-86b7fdd30457"
    },
    "tiles_655": {
      "__uuid__": "15fd6fef-81c5-4dc6-9dc0-8a3187f7f879"
    },
    "tiles_656": {
      "__uuid__": "d2d2376d-59ea-4daa-b1d3-e5ba60a4c647"
    },
    "tiles_657": {
      "__uuid__": "4473cec5-9a3a-42a8-9d96-980bf8781f15"
    },
    "tiles_658": {
      "__uuid__": "38debf53-80b3-41ff-8e1a-4fc752b696c2"
    },
    "tiles_659": {
      "__uuid__": "953dac6f-8d8b-4797-9bc2-6389f79e0b59"
    },
    "tiles_66": {
      "__uuid__": "69ac7038-564a-46d6-8971-e20671b5d1de"
    },
    "tiles_660": {
      "__uuid__": "b23f99a7-0394-4226-97f7-cdbf7705e5a8"
    },
    "tiles_661": {
      "__uuid__": "30ecbca2-9f98-48de-9411-bd51402c32ca"
    },
    "tiles_662": {
      "__uuid__": "9b61bd4a-073d-47e1-a669-b33f30910abb"
    },
    "tiles_663": {
      "__uuid__": "dfafbf6c-ac24-4f4c-966b-df345a7b3b27"
    },
    "tiles_664": {
      "__uuid__": "a7346783-4f18-4ab8-9e6a-d2ee16c0b008"
    },
    "tiles_665": {
      "__uuid__": "6f791311-e5c8-4979-abf3-64a1adc053ab"
    },
    "tiles_666": {
      "__uuid__": "7c590c48-ff74-4935-b224-e6f013f8867e"
    },
    "tiles_667": {
      "__uuid__": "1777046c-56ae-40e0-9e3a-72def9e5983f"
    },
    "tiles_668": {
      "__uuid__": "250897a7-0b46-4db7-af4a-394458760ce2"
    },
    "tiles_669": {
      "__uuid__": "30cd7309-369c-4281-be7f-4ebb981dde94"
    },
    "tiles_67": {
      "__uuid__": "1d84042c-f80a-4fc4-90bb-a6e0b792e114"
    },
    "tiles_670": {
      "__uuid__": "3bdb0972-e39d-4b34-8742-c1f9b51cd6fd"
    },
    "tiles_671": {
      "__uuid__": "6cf217c4-140c-4da4-aca3-5f55e8db19d1"
    },
    "tiles_672": {
      "__uuid__": "91e5c91c-1950-40e1-802b-851cfea8ae90"
    },
    "tiles_673": {
      "__uuid__": "392671e5-3e9b-419c-96a0-37a7ee3827ce"
    },
    "tiles_674": {
      "__uuid__": "5163a1a1-17a5-48c5-8713-e8a44696ba42"
    },
    "tiles_675": {
      "__uuid__": "9c6a8a4b-0ce4-482b-acb0-bd5e92a3b871"
    },
    "tiles_676": {
      "__uuid__": "5b6fef67-29c9-4b2e-9ad7-9d52683bdf7c"
    },
    "tiles_677": {
      "__uuid__": "59978fd1-bfee-4032-b9ec-d4942aeef29e"
    },
    "tiles_678": {
      "__uuid__": "aea66d15-5d3f-47e0-baf2-2d67e615427d"
    },
    "tiles_679": {
      "__uuid__": "ab345c27-fab0-437d-8895-67c038e11983"
    },
    "tiles_68": {
      "__uuid__": "9c3c892b-3512-453b-88b1-3c41ff0978c2"
    },
    "tiles_680": {
      "__uuid__": "cb0ee11b-2b50-4d3d-8050-50aecdb84670"
    },
    "tiles_681": {
      "__uuid__": "6964a36c-2245-4d1a-a5ee-fea894735c24"
    },
    "tiles_682": {
      "__uuid__": "971c167e-fbd7-45d9-9321-60f7ecb3db5a"
    },
    "tiles_683": {
      "__uuid__": "38675496-f246-4683-9b37-0b663720e805"
    },
    "tiles_684": {
      "__uuid__": "6d21524c-91bf-446d-8d87-ba509f98e2cd"
    },
    "tiles_685": {
      "__uuid__": "ffb5ae50-bf65-4eae-bf9f-2b4e71dcc893"
    },
    "tiles_686": {
      "__uuid__": "2a4c078c-163a-4bde-949b-6ab3ce6584d6"
    },
    "tiles_687": {
      "__uuid__": "8c76cbfc-6476-4254-bf36-4f14e08a759e"
    },
    "tiles_688": {
      "__uuid__": "a6160fe3-2d8a-458a-a70f-1adab78cabdc"
    },
    "tiles_689": {
      "__uuid__": "a95b72f5-362f-4536-9f0f-c94f06fdb766"
    },
    "tiles_69": {
      "__uuid__": "18ed426a-ee86-49de-9d2e-b0edae8a945c"
    },
    "tiles_690": {
      "__uuid__": "dd4f127d-1f53-40d0-a6fa-6a0003d7b4a3"
    },
    "tiles_691": {
      "__uuid__": "714abf7a-4acc-4f20-b6b5-d43df4f462b1"
    },
    "tiles_692": {
      "__uuid__": "1f4e426a-17b1-429f-bb0e-1aa342da188d"
    },
    "tiles_693": {
      "__uuid__": "961cd0b0-d053-4d62-b9bf-664fe7eeaef9"
    },
    "tiles_694": {
      "__uuid__": "82d1e863-ce80-4341-a3e7-6f8f4fa7ff4b"
    },
    "tiles_695": {
      "__uuid__": "fecb9d75-7529-4680-8b6f-3583bac882a9"
    },
    "tiles_696": {
      "__uuid__": "e6d27ecb-200d-41ad-b733-e54221a49335"
    },
    "tiles_697": {
      "__uuid__": "a2c38e07-bb2a-4aa6-865c-34455719a431"
    },
    "tiles_698": {
      "__uuid__": "0a40a402-9daf-4e0b-a3ff-59205d0c5af8"
    },
    "tiles_699": {
      "__uuid__": "1d7f7d33-a43e-4c1a-a99e-3fb2287a3113"
    },
    "tiles_7": {
      "__uuid__": "e61827ac-65fa-4cb7-9049-794e804776c6"
    },
    "tiles_70": {
      "__uuid__": "b0b347d1-cdfb-475a-ba7e-ec860027e0d5"
    },
    "tiles_700": {
      "__uuid__": "f3d21a7f-f1e4-4e03-83d8-1c89b29f6b6d"
    },
    "tiles_701": {
      "__uuid__": "6deb455d-4df0-441e-bd96-769c6371b827"
    },
    "tiles_702": {
      "__uuid__": "63e494c9-ccf8-4d6b-99b8-3dd4092d095b"
    },
    "tiles_703": {
      "__uuid__": "0eacc6ef-e254-42b9-930e-43e405fd3c63"
    },
    "tiles_704": {
      "__uuid__": "bd40059d-2648-4a58-a4c3-dfa745de59ba"
    },
    "tiles_705": {
      "__uuid__": "566ee948-6bc4-441a-bf73-06343b5847fd"
    },
    "tiles_706": {
      "__uuid__": "c7e8840b-1280-4a13-bfe7-8b53326d402a"
    },
    "tiles_707": {
      "__uuid__": "e3132c81-8477-41bc-b14d-c2f659d7e8b0"
    },
    "tiles_708": {
      "__uuid__": "25c49784-dbd3-40b1-a4ef-ab3afbd333fd"
    },
    "tiles_709": {
      "__uuid__": "2bed48a0-e835-45f3-87b1-364e8b360126"
    },
    "tiles_71": {
      "__uuid__": "2c1ce313-b183-4a33-bf1d-5a1e6c12f8e5"
    },
    "tiles_710": {
      "__uuid__": "66b68616-1698-478c-aeae-ddc6b4e202c0"
    },
    "tiles_711": {
      "__uuid__": "72880b7a-95dc-4b31-92a6-a4102f891aa1"
    },
    "tiles_712": {
      "__uuid__": "927236f8-5f36-4f44-b5f6-42af9246cc93"
    },
    "tiles_713": {
      "__uuid__": "3216499c-2a49-4d76-9c8a-0f4118545e7c"
    },
    "tiles_714": {
      "__uuid__": "37181ef6-6e0d-4bdf-b486-d285fb253e5e"
    },
    "tiles_715": {
      "__uuid__": "fccbe24a-4ecf-4a91-999c-ab263aa1aaa2"
    },
    "tiles_716": {
      "__uuid__": "2523daab-be36-4c11-9ece-397153dc408e"
    },
    "tiles_717": {
      "__uuid__": "061789e2-22e5-4f70-98aa-531fd40b59a8"
    },
    "tiles_718": {
      "__uuid__": "75efbb05-645c-425e-989a-415fae22cab1"
    },
    "tiles_719": {
      "__uuid__": "def78aeb-bc6f-4c78-ab0d-d14f79eb63a8"
    },
    "tiles_72": {
      "__uuid__": "09744feb-46d1-4f40-b8ae-62935a6852a0"
    },
    "tiles_720": {
      "__uuid__": "8c37b97f-5a3c-40c2-a8a5-8c0e62a89dd2"
    },
    "tiles_721": {
      "__uuid__": "1deff827-c894-40f8-b8c1-1bd592ec6118"
    },
    "tiles_722": {
      "__uuid__": "39842b19-8272-459e-a507-37db4c40e602"
    },
    "tiles_723": {
      "__uuid__": "a51abe9c-ac29-4d4c-8cbf-de32f1fb781e"
    },
    "tiles_724": {
      "__uuid__": "17c3bb24-a97c-476c-b838-44b7f7643328"
    },
    "tiles_725": {
      "__uuid__": "b3204c4b-ff63-417e-bca7-60dd81138b23"
    },
    "tiles_726": {
      "__uuid__": "e633daba-dfc6-4495-93da-68695a6981e9"
    },
    "tiles_727": {
      "__uuid__": "6dae657b-8b81-4f79-ae08-91180637dfc6"
    },
    "tiles_728": {
      "__uuid__": "75c903ba-f628-493e-9452-ac1c0c506d14"
    },
    "tiles_729": {
      "__uuid__": "25dd176d-718d-44d1-a86d-dd6f9287e178"
    },
    "tiles_73": {
      "__uuid__": "1593e561-9ec7-4583-bb0b-0e5fd756c4d4"
    },
    "tiles_730": {
      "__uuid__": "e4c81023-74fd-4207-84e5-dbdc03cfc154"
    },
    "tiles_731": {
      "__uuid__": "5cd0062d-0c1d-4be8-af52-a5c25ab36e42"
    },
    "tiles_732": {
      "__uuid__": "323333ab-af54-4265-967d-dcb48a43d5b4"
    },
    "tiles_733": {
      "__uuid__": "a32dccf2-4dd4-4604-968b-18da59903f66"
    },
    "tiles_734": {
      "__uuid__": "7d165cd0-1d98-4ca2-a2d8-15b262d6ebf8"
    },
    "tiles_735": {
      "__uuid__": "e06867a1-234f-4c9c-8e66-29fe785fca12"
    },
    "tiles_736": {
      "__uuid__": "dc9dfa67-311f-4bb6-90d6-1c1b19717e95"
    },
    "tiles_737": {
      "__uuid__": "f03e83cf-13b0-4f3c-9bfe-94c894c7497c"
    },
    "tiles_738": {
      "__uuid__": "4784bc8a-5cc9-44f9-ac89-49fe817d5cc9"
    },
    "tiles_739": {
      "__uuid__": "b19c71bb-690f-4448-bd5b-6a14dc19a70f"
    },
    "tiles_74": {
      "__uuid__": "343a8024-7026-4cfe-9852-2bb9b3178454"
    },
    "tiles_740": {
      "__uuid__": "34f5d85c-eaf1-4c71-98c0-53f662436c19"
    },
    "tiles_741": {
      "__uuid__": "0cda4d34-f3c5-44f7-8ae3-e5ac3274ce1d"
    },
    "tiles_742": {
      "__uuid__": "306a662a-532f-44bb-adf9-30aa86a70ab1"
    },
    "tiles_743": {
      "__uuid__": "20a38bf3-ab03-48ee-a3a7-9ca7e22b947b"
    },
    "tiles_744": {
      "__uuid__": "bd29c368-e962-4ac0-b8b1-58e78a95593f"
    },
    "tiles_745": {
      "__uuid__": "490f991c-c28a-48a1-b6be-b3f4f99e7383"
    },
    "tiles_746": {
      "__uuid__": "7ac63b0f-4535-4fbf-88d3-f9f655d4c7a3"
    },
    "tiles_747": {
      "__uuid__": "8c0a5923-9d36-4ec7-a2c8-675fae9314a8"
    },
    "tiles_748": {
      "__uuid__": "f9cc442b-81f3-44fb-9586-77757e3713a9"
    },
    "tiles_749": {
      "__uuid__": "8402c969-65ac-465a-9233-def6217d1f2c"
    },
    "tiles_75": {
      "__uuid__": "75999f96-9d3b-4df9-9a1c-84dd34a900c7"
    },
    "tiles_750": {
      "__uuid__": "55fe7403-9723-4597-acaa-02eec73281da"
    },
    "tiles_751": {
      "__uuid__": "de616416-235b-41c9-9e3a-a39c508576b0"
    },
    "tiles_752": {
      "__uuid__": "be345288-e033-45d6-86d2-06185c4662f9"
    },
    "tiles_753": {
      "__uuid__": "c7309f85-ee32-4e20-98c6-fc74788f4602"
    },
    "tiles_754": {
      "__uuid__": "df19fa80-42e9-407b-93db-65295f405d7a"
    },
    "tiles_755": {
      "__uuid__": "2715e905-d6fa-482c-a842-91e2bd5f00ce"
    },
    "tiles_756": {
      "__uuid__": "5e2cf6bd-7975-4a7c-8693-fe5f9b00a8af"
    },
    "tiles_757": {
      "__uuid__": "00654a53-7b0c-44dc-9bd2-9719c014b894"
    },
    "tiles_758": {
      "__uuid__": "e11acee8-cbc0-49e8-890b-8ccf6a15c22f"
    },
    "tiles_759": {
      "__uuid__": "150c0f83-7865-4d84-818b-1f95eaedb0ad"
    },
    "tiles_76": {
      "__uuid__": "4e281fe8-18ed-4d16-b468-d93ed86802a9"
    },
    "tiles_760": {
      "__uuid__": "dbf91422-a3df-425f-abd1-60ccf480bb5f"
    },
    "tiles_761": {
      "__uuid__": "ae6ca921-6525-4d74-869d-2fd8cdc84aca"
    },
    "tiles_762": {
      "__uuid__": "e99559d2-8426-44cf-ae99-be6a37ab7563"
    },
    "tiles_763": {
      "__uuid__": "7032e2ce-e0f8-4a2d-a3fa-d3bf7e20178c"
    },
    "tiles_764": {
      "__uuid__": "9233f52d-2d05-4831-ae7a-c52f625d409b"
    },
    "tiles_765": {
      "__uuid__": "7bd26c8d-1e9a-4ce6-89c6-62ef441c49e5"
    },
    "tiles_766": {
      "__uuid__": "816f7e9d-8571-4630-b701-69173ac7e7a9"
    },
    "tiles_767": {
      "__uuid__": "939bc189-f544-421f-939a-62fe232a971d"
    },
    "tiles_768": {
      "__uuid__": "f4be90a8-4f65-4bae-a259-e60076ca1bce"
    },
    "tiles_769": {
      "__uuid__": "2afc170c-7c70-4bb1-8c24-b8ee8f5a1238"
    },
    "tiles_77": {
      "__uuid__": "e31e1cec-3c25-498a-a89b-4c57fe7715aa"
    },
    "tiles_770": {
      "__uuid__": "0ca934fc-c1fe-4e10-a1c2-fb6d4fd7614a"
    },
    "tiles_771": {
      "__uuid__": "b5c6d517-2e1f-4ddf-ac4f-338672160183"
    },
    "tiles_772": {
      "__uuid__": "0f840d00-7ac5-4f25-867b-e5e3aba0dbea"
    },
    "tiles_773": {
      "__uuid__": "f394f139-f6b3-48a8-90a2-8bbe704597ab"
    },
    "tiles_774": {
      "__uuid__": "5d3dd0f0-5cfc-45ee-a14a-fa6e9ae4a9ba"
    },
    "tiles_775": {
      "__uuid__": "05746aee-0836-4669-91be-86c5a521a7fe"
    },
    "tiles_776": {
      "__uuid__": "bf4a61df-cf89-4c97-ac41-57db57bd1ce6"
    },
    "tiles_777": {
      "__uuid__": "1618c038-6609-4886-90cb-def2272680fa"
    },
    "tiles_778": {
      "__uuid__": "6052b64c-8d38-430a-b6d7-9af8febd42c9"
    },
    "tiles_779": {
      "__uuid__": "848e3333-f35b-453d-be0a-9d316c8a2416"
    },
    "tiles_78": {
      "__uuid__": "b2b7fcbe-8bea-4572-8789-6db8f74e13a1"
    },
    "tiles_780": {
      "__uuid__": "96326e8b-527d-4d62-bea3-492833a5e765"
    },
    "tiles_781": {
      "__uuid__": "9bdbeb44-b3b9-4116-abc9-89a62c8af710"
    },
    "tiles_782": {
      "__uuid__": "8d3fb376-9f1f-4688-ac37-ad28cd233328"
    },
    "tiles_783": {
      "__uuid__": "21670907-0171-4a6e-96c1-3755e208fe44"
    },
    "tiles_784": {
      "__uuid__": "5a10cb6f-a73a-4ed9-801d-6260ecc8c68d"
    },
    "tiles_785": {
      "__uuid__": "8bdbc63d-11a6-47b2-b651-aec30000a144"
    },
    "tiles_786": {
      "__uuid__": "0a070528-f166-4362-a495-11ae79d71f0f"
    },
    "tiles_787": {
      "__uuid__": "989051fc-5122-43f4-9620-e79d50b50683"
    },
    "tiles_788": {
      "__uuid__": "54dbc45e-301a-4dc5-99f6-faacc2ef4a4e"
    },
    "tiles_789": {
      "__uuid__": "a3b30f0d-08a8-4a2e-8516-490f13054d9f"
    },
    "tiles_79": {
      "__uuid__": "2673e949-c27b-46c9-a084-d2bba55734b6"
    },
    "tiles_790": {
      "__uuid__": "c5de1191-8fad-40d5-8e8f-f51966644658"
    },
    "tiles_791": {
      "__uuid__": "43932617-bdf6-4fc8-bd37-a164c7351235"
    },
    "tiles_792": {
      "__uuid__": "029788e9-65cc-4c72-a85f-a578a64db631"
    },
    "tiles_793": {
      "__uuid__": "a0f71c9d-f891-41ae-8415-fcef9bd2fd3d"
    },
    "tiles_794": {
      "__uuid__": "8dc6458b-6ccd-42e3-8f80-8e077c35998e"
    },
    "tiles_795": {
      "__uuid__": "60ace49f-9ef4-4b72-adaa-4ab4bf9657fe"
    },
    "tiles_796": {
      "__uuid__": "ded78567-65bc-461a-8507-f08968a2813b"
    },
    "tiles_797": {
      "__uuid__": "41313d9b-2b3f-4483-8b86-d6acf82a2563"
    },
    "tiles_798": {
      "__uuid__": "cd32bc39-dc07-4bc9-b0ef-9f1ab5812231"
    },
    "tiles_799": {
      "__uuid__": "b0f3608b-112d-46db-a324-6231dcc79528"
    },
    "tiles_8": {
      "__uuid__": "f49b67eb-900b-46fc-a657-66e861220c58"
    },
    "tiles_80": {
      "__uuid__": "70bff9f3-842c-4105-8a1d-380f51815799"
    },
    "tiles_800": {
      "__uuid__": "a1f634cc-05de-4b24-9c69-b6f610a84d69"
    },
    "tiles_801": {
      "__uuid__": "de6546da-5a26-4af6-b5b7-6fa19179f1ed"
    },
    "tiles_802": {
      "__uuid__": "af931485-4e8a-4303-95f6-e8ee33cce830"
    },
    "tiles_803": {
      "__uuid__": "8f7b992c-eb0f-4ed3-b088-e5785e18ddad"
    },
    "tiles_804": {
      "__uuid__": "c8c26901-6caf-4dc4-b50d-b0f5777dc773"
    },
    "tiles_805": {
      "__uuid__": "32f40dc6-2717-4fcb-8a4a-ff65df5b78e1"
    },
    "tiles_806": {
      "__uuid__": "5c11f858-4224-4a75-94c5-1c6538c42dcd"
    },
    "tiles_807": {
      "__uuid__": "69edeee4-3c3b-476c-b6cb-cbd8c5577415"
    },
    "tiles_808": {
      "__uuid__": "fa23b545-b58b-483a-9cba-3d482ff6fa26"
    },
    "tiles_809": {
      "__uuid__": "8b204bc5-2b5e-42fa-87bb-34c2699c42e9"
    },
    "tiles_81": {
      "__uuid__": "9f244572-d77f-4020-af51-64b7a75950bb"
    },
    "tiles_810": {
      "__uuid__": "eb76b7ee-e9b6-4843-9953-2158af4bd298"
    },
    "tiles_811": {
      "__uuid__": "999575af-f318-488b-b6c5-6b28f6536149"
    },
    "tiles_812": {
      "__uuid__": "c3ab56f2-21d2-4d5c-96d3-78787f37fcd4"
    },
    "tiles_813": {
      "__uuid__": "11367b83-85a6-413b-86e5-33479b8207b7"
    },
    "tiles_814": {
      "__uuid__": "713e4360-ecdd-4a4e-a4ea-e816be76dc7a"
    },
    "tiles_815": {
      "__uuid__": "40ecbf2f-7184-48ee-b271-3cd80d67f1c1"
    },
    "tiles_816": {
      "__uuid__": "bfd6c9cd-d2be-4ab0-9e40-4a6a3c293de5"
    },
    "tiles_817": {
      "__uuid__": "c3fdeca0-2c24-4476-ad64-4df39a8238cf"
    },
    "tiles_818": {
      "__uuid__": "f6a17097-7513-4315-9021-203772d0f724"
    },
    "tiles_819": {
      "__uuid__": "e8cae71d-b6e3-4707-a5a2-519d8a23d371"
    },
    "tiles_82": {
      "__uuid__": "4aa2f3c4-6fa3-4847-a8f7-f1e07ebaedc9"
    },
    "tiles_820": {
      "__uuid__": "bc72a4e4-fbd6-48bd-a9a1-e2d03ecaccf1"
    },
    "tiles_821": {
      "__uuid__": "6b1e9894-bd19-484c-97eb-1d32368b2bf6"
    },
    "tiles_822": {
      "__uuid__": "7e2104fe-e678-4022-822d-584471f55475"
    },
    "tiles_823": {
      "__uuid__": "a30248ff-d684-4c2e-9260-a32d2132db46"
    },
    "tiles_824": {
      "__uuid__": "0f6a281b-066b-49ad-8eee-73cbcfe4b4c5"
    },
    "tiles_825": {
      "__uuid__": "151b842a-cfb9-4950-b5be-40a9130cefa5"
    },
    "tiles_826": {
      "__uuid__": "b8ce8308-5324-4930-b1f9-c161a68578e5"
    },
    "tiles_827": {
      "__uuid__": "d0285b17-decd-4512-8602-ba1cd3e89bed"
    },
    "tiles_828": {
      "__uuid__": "10d044a2-43b1-4602-831d-0778567df57c"
    },
    "tiles_829": {
      "__uuid__": "4067e014-7104-40dc-9151-957f6d5a0ac3"
    },
    "tiles_83": {
      "__uuid__": "c58aa360-0250-462a-84d9-991a3f43c233"
    },
    "tiles_830": {
      "__uuid__": "c1b02508-6155-4470-ad70-76e8e8463518"
    },
    "tiles_831": {
      "__uuid__": "24cde4a7-1547-4df5-a38d-676da96d3dc1"
    },
    "tiles_832": {
      "__uuid__": "78f516c6-f7ad-4574-babb-f66a5a597586"
    },
    "tiles_833": {
      "__uuid__": "02aeac22-c099-4366-a1eb-accccfe999ef"
    },
    "tiles_834": {
      "__uuid__": "bb975f7a-d320-4c97-accc-401be1144eed"
    },
    "tiles_835": {
      "__uuid__": "9a0f6963-b154-4894-bc9a-a3f61a0c7181"
    },
    "tiles_836": {
      "__uuid__": "9cce3582-545b-479a-aefd-8de88a8496a2"
    },
    "tiles_837": {
      "__uuid__": "e6a3af70-8f55-4586-b8d2-8654e0e166b8"
    },
    "tiles_838": {
      "__uuid__": "ba18fb07-6d67-4c0c-8ef6-220c89031509"
    },
    "tiles_839": {
      "__uuid__": "83c5121e-595c-4e75-8dd0-61b7ab96ea00"
    },
    "tiles_84": {
      "__uuid__": "cbef02fb-aee7-4434-b6b5-a045b19382ca"
    },
    "tiles_840": {
      "__uuid__": "0d07d122-907a-44e4-aa75-32eee110d50c"
    },
    "tiles_841": {
      "__uuid__": "299b9adb-af91-4374-b9b1-66e56f77c400"
    },
    "tiles_842": {
      "__uuid__": "f9424a73-de72-4cd4-8ac1-6700deefaf23"
    },
    "tiles_843": {
      "__uuid__": "3f7e8048-690e-4172-9f06-de4fd12f976d"
    },
    "tiles_844": {
      "__uuid__": "d793428d-9c69-4035-80af-194a06737e06"
    },
    "tiles_845": {
      "__uuid__": "c884aaa5-fa17-4926-a2b8-017502062826"
    },
    "tiles_846": {
      "__uuid__": "0cccb839-c706-43fd-9486-e1f797d928d1"
    },
    "tiles_847": {
      "__uuid__": "1d36b1d9-5237-41f4-b4ff-55d5e716bece"
    },
    "tiles_848": {
      "__uuid__": "abcd18b6-2068-4ea6-97c7-7ec57e518ea9"
    },
    "tiles_849": {
      "__uuid__": "8c7cd0ef-f912-4c0e-9266-73735c294264"
    },
    "tiles_85": {
      "__uuid__": "41d75c68-6b3e-4893-88f7-b60686037f19"
    },
    "tiles_850": {
      "__uuid__": "6499ffdb-c4a1-4850-942e-ed865f0b904d"
    },
    "tiles_851": {
      "__uuid__": "bb4623de-e3b3-400a-8a9d-062afe35bd7a"
    },
    "tiles_852": {
      "__uuid__": "98d5030b-0ab1-4548-8fdf-8433b62aa956"
    },
    "tiles_853": {
      "__uuid__": "f48fbef1-5a62-4f68-9b6a-b0d4249f9700"
    },
    "tiles_854": {
      "__uuid__": "e3e7a767-ba94-4b42-8d45-9ca68f4afafb"
    },
    "tiles_855": {
      "__uuid__": "684c983a-2f9e-4394-9f98-3a83d53f0e8f"
    },
    "tiles_856": {
      "__uuid__": "2fba3dc8-4bf7-437a-9460-0e2c8b3bf081"
    },
    "tiles_857": {
      "__uuid__": "2f4da1fc-daaa-45f4-b297-490e96e745af"
    },
    "tiles_858": {
      "__uuid__": "278aadbe-9c22-4ac1-9138-88955b7669f3"
    },
    "tiles_859": {
      "__uuid__": "3ddebdf7-e0ac-4779-bc59-c4a7801b80c6"
    },
    "tiles_86": {
      "__uuid__": "c042a822-2286-4ebe-b618-6fa4d066fb6d"
    },
    "tiles_860": {
      "__uuid__": "e292ca24-de1a-4809-9440-db525d5c9b78"
    },
    "tiles_861": {
      "__uuid__": "b6ff8fb0-8d5d-4c45-9f0a-eff8cf992803"
    },
    "tiles_862": {
      "__uuid__": "e81e78cb-d117-4839-b58d-74f0e9931768"
    },
    "tiles_863": {
      "__uuid__": "869be7eb-0a34-43e1-ae84-50d71129fa1b"
    },
    "tiles_864": {
      "__uuid__": "8ca2e43f-a0d1-433c-9fd5-1336b8e3628f"
    },
    "tiles_865": {
      "__uuid__": "2eaecd82-8d3b-4926-ada3-89614a05e900"
    },
    "tiles_866": {
      "__uuid__": "866e6f5a-a03e-419e-acdb-2ba77451296c"
    },
    "tiles_867": {
      "__uuid__": "cd25585d-c752-4f98-bc46-3ea66d339c06"
    },
    "tiles_868": {
      "__uuid__": "b286a22b-73a7-4daf-a539-beed8aba30d4"
    },
    "tiles_869": {
      "__uuid__": "3634ae3a-7ae6-4b1e-b22e-14136cc0e544"
    },
    "tiles_87": {
      "__uuid__": "ec6cdecc-8f9f-468a-936d-f452ae17687c"
    },
    "tiles_870": {
      "__uuid__": "f4708c25-13e0-4a68-b63f-a6f3eb6e67e8"
    },
    "tiles_871": {
      "__uuid__": "434b0979-bc24-4e87-b3d4-c97ba1d4c9a9"
    },
    "tiles_872": {
      "__uuid__": "36332931-ef67-45fb-8b20-b74e3e4bf965"
    },
    "tiles_873": {
      "__uuid__": "4c4ad7e9-d7af-4451-9ca6-364711a94189"
    },
    "tiles_874": {
      "__uuid__": "e1ed045c-2f30-46c0-88e5-803def55e47b"
    },
    "tiles_875": {
      "__uuid__": "d655568b-5b3b-4610-ad5a-5d938bcdf835"
    },
    "tiles_876": {
      "__uuid__": "8f8ab5ae-6e80-4fc8-9086-a8fa8257e2d9"
    },
    "tiles_877": {
      "__uuid__": "b9b425d1-8488-4ee8-903c-db24a58829f5"
    },
    "tiles_878": {
      "__uuid__": "4ac61f4d-f1f1-4823-810b-cd646c4b337e"
    },
    "tiles_879": {
      "__uuid__": "0a0295d5-ae0a-413b-b050-6f387e0ca824"
    },
    "tiles_88": {
      "__uuid__": "8f8f1756-ffe0-4ec3-88a4-f4ac8ebb3078"
    },
    "tiles_880": {
      "__uuid__": "18c29d46-d125-43b6-8d45-bdedf7c169e8"
    },
    "tiles_881": {
      "__uuid__": "6722d4e4-aa1e-400b-bfb1-a1b52b6a2481"
    },
    "tiles_882": {
      "__uuid__": "f54198e6-551e-4843-94dd-3265f6fd34ba"
    },
    "tiles_883": {
      "__uuid__": "84a46952-a01e-42bd-8c53-4186fdd6dbf3"
    },
    "tiles_884": {
      "__uuid__": "c7d9f03b-f4c1-44db-9781-cd2bb4d95556"
    },
    "tiles_885": {
      "__uuid__": "fe77221d-724a-417c-a2a2-4f8c6234709d"
    },
    "tiles_886": {
      "__uuid__": "1b9db99d-4645-41ed-9549-9ae6bc1ea711"
    },
    "tiles_887": {
      "__uuid__": "3e172756-7e93-4e3b-87fb-31a63997b74d"
    },
    "tiles_888": {
      "__uuid__": "b62a671a-710b-4d91-809c-75dfcbde3506"
    },
    "tiles_889": {
      "__uuid__": "cbb050c0-8e5b-4c56-b740-ec458c312ed6"
    },
    "tiles_89": {
      "__uuid__": "7bbd78a5-ed02-46f7-982e-cff0dea15bd4"
    },
    "tiles_890": {
      "__uuid__": "fd633e93-be03-40f6-88af-70fcab10d2bc"
    },
    "tiles_891": {
      "__uuid__": "8b5bf105-266e-4a8d-b4cd-f335a3947ef7"
    },
    "tiles_892": {
      "__uuid__": "c2115cf6-7ac0-427f-b153-8e52509d4bb9"
    },
    "tiles_893": {
      "__uuid__": "399f8ca6-ee38-44b8-948a-b60299158d13"
    },
    "tiles_894": {
      "__uuid__": "d3eeac9f-9fc6-4bf9-af24-53c9bf707ef9"
    },
    "tiles_895": {
      "__uuid__": "63b2f287-6c1e-42c6-a820-9203d4cdb5df"
    },
    "tiles_896": {
      "__uuid__": "15ef6691-8c46-4575-b495-3d08ebe30c64"
    },
    "tiles_897": {
      "__uuid__": "9441f5b7-6f91-415b-8627-73ec067cc224"
    },
    "tiles_898": {
      "__uuid__": "5bf16d1e-293d-4079-b2c4-c74653b59010"
    },
    "tiles_899": {
      "__uuid__": "b64e046b-5f72-4868-bdbd-50ba8f188d9e"
    },
    "tiles_9": {
      "__uuid__": "048d8cea-34a8-4db1-9c17-9828a13aa2de"
    },
    "tiles_90": {
      "__uuid__": "b6daaed2-1e73-4644-acf6-961d1a8bace6"
    },
    "tiles_900": {
      "__uuid__": "7b94b0ed-ea6b-4a4a-ad19-9a80c7959a62"
    },
    "tiles_901": {
      "__uuid__": "580ded09-47ba-4b32-806a-acf2f34e6cfb"
    },
    "tiles_902": {
      "__uuid__": "88c614e5-5b10-404b-9d07-9f6742f6c25d"
    },
    "tiles_903": {
      "__uuid__": "9870ec17-2c06-499a-b97c-5cc2ab4a7018"
    },
    "tiles_904": {
      "__uuid__": "bd38ebd8-7f63-4c97-ba9d-567d03a4a1c9"
    },
    "tiles_905": {
      "__uuid__": "aecfca6d-9190-4612-bcfc-755b6bad74ed"
    },
    "tiles_906": {
      "__uuid__": "602ba8dc-8477-42ad-8661-3b43c884fc3b"
    },
    "tiles_907": {
      "__uuid__": "3a9cda57-fced-468b-a2ed-5e1e5920efa5"
    },
    "tiles_908": {
      "__uuid__": "cd86e8b2-b605-4373-87bf-f57a2e88ffa0"
    },
    "tiles_909": {
      "__uuid__": "091c793e-73ba-4b9a-a3c4-acacfd30bad7"
    },
    "tiles_91": {
      "__uuid__": "a366d4c8-b2b2-4a93-b159-37c115890ed0"
    },
    "tiles_910": {
      "__uuid__": "814b4ad6-9d3f-43cd-82c0-0e358edd842c"
    },
    "tiles_911": {
      "__uuid__": "6861a7a4-f14f-4877-941f-db42e7430948"
    },
    "tiles_912": {
      "__uuid__": "d7c8b012-3d2e-4013-b365-296c81a2a9fd"
    },
    "tiles_913": {
      "__uuid__": "c8594a95-1b1d-40d5-9d2d-99eef456b121"
    },
    "tiles_914": {
      "__uuid__": "6978d478-c8f3-47d3-8da2-a1d0c55770fe"
    },
    "tiles_915": {
      "__uuid__": "efec2e0c-deb1-4256-a772-3519a1f8a81d"
    },
    "tiles_916": {
      "__uuid__": "2c34e6e2-8715-446e-96ea-560fdb302525"
    },
    "tiles_917": {
      "__uuid__": "5aef6da9-3660-4233-9ad9-3abc955ece72"
    },
    "tiles_918": {
      "__uuid__": "a9f3a9e1-89d3-49b2-af5c-c69585e3a802"
    },
    "tiles_919": {
      "__uuid__": "3120ec28-f896-4a4a-8c39-51c8e532cfea"
    },
    "tiles_92": {
      "__uuid__": "d71ef836-5034-449c-a740-53bb230ab691"
    },
    "tiles_920": {
      "__uuid__": "ffc996b9-53e2-49fe-b06d-0279d3615d70"
    },
    "tiles_921": {
      "__uuid__": "ebc79372-db59-49ef-a12d-d92d78489a1a"
    },
    "tiles_922": {
      "__uuid__": "8093e77d-e723-4883-8a04-74b36e6033d8"
    },
    "tiles_923": {
      "__uuid__": "cb6dd9d3-3735-47a1-ad4e-217b91b4ce76"
    },
    "tiles_924": {
      "__uuid__": "c2bf08dc-5633-4f1d-b256-1c5a21e8b851"
    },
    "tiles_925": {
      "__uuid__": "adc72b7d-ec2c-48d5-8d23-e54e1e8a80bc"
    },
    "tiles_926": {
      "__uuid__": "07415468-e150-4b2c-b58e-dedc7c454d87"
    },
    "tiles_927": {
      "__uuid__": "ad0440cf-707f-427b-8349-dc94644cc801"
    },
    "tiles_928": {
      "__uuid__": "a38b5918-8bc0-4838-8eba-a35a7a7427c4"
    },
    "tiles_929": {
      "__uuid__": "8bde3c60-6a93-41fd-9c41-957ddce62084"
    },
    "tiles_93": {
      "__uuid__": "8083b6e5-9032-4225-a410-b061c066352f"
    },
    "tiles_930": {
      "__uuid__": "d915f06c-4b17-4dad-b810-48fd50d069a1"
    },
    "tiles_931": {
      "__uuid__": "b73c86de-85fe-4e05-8b13-e4908810391d"
    },
    "tiles_932": {
      "__uuid__": "f12e813a-4e1b-4bdc-96a5-faa32ce865fb"
    },
    "tiles_933": {
      "__uuid__": "a5718f4d-fd73-49e5-bab5-5acc6e7de560"
    },
    "tiles_934": {
      "__uuid__": "19212062-7189-43de-939e-33a81e35deae"
    },
    "tiles_935": {
      "__uuid__": "06e8e2ed-b7c4-4879-80c5-aff40f8e7e43"
    },
    "tiles_936": {
      "__uuid__": "f063251d-09ab-49f1-b5bb-d719af4be130"
    },
    "tiles_937": {
      "__uuid__": "34b11f53-f2b6-47ce-a9e5-8fc7c0966d0b"
    },
    "tiles_938": {
      "__uuid__": "63d8cb25-441d-4b5a-8764-0ecf9d212120"
    },
    "tiles_939": {
      "__uuid__": "23043517-da62-40e7-b40d-c92509d60c48"
    },
    "tiles_94": {
      "__uuid__": "dc8ecda6-ba3f-46de-b79c-8a7f61d68c1f"
    },
    "tiles_940": {
      "__uuid__": "2de6a1c3-bb7d-4ca6-a0b9-18a40cbe6247"
    },
    "tiles_941": {
      "__uuid__": "c92cab44-6c20-45db-ad59-f81d01115e60"
    },
    "tiles_942": {
      "__uuid__": "be34da44-4ff9-438f-a49b-203580f833db"
    },
    "tiles_943": {
      "__uuid__": "2c4000b7-3664-441e-8f58-6bee536c52fa"
    },
    "tiles_944": {
      "__uuid__": "e89bfa64-b780-4691-a6d6-ce432d3c13a4"
    },
    "tiles_945": {
      "__uuid__": "1df203a7-c5ad-4284-b433-e414b7cdbb0b"
    },
    "tiles_946": {
      "__uuid__": "0de4ce93-a83e-4854-afcb-e77870df7568"
    },
    "tiles_947": {
      "__uuid__": "b3403b25-6257-455b-9e78-6cceb31b5380"
    },
    "tiles_948": {
      "__uuid__": "e81ff1cf-8eac-4a66-b417-ac222cbc4715"
    },
    "tiles_949": {
      "__uuid__": "6f9b42a8-8fd0-4997-a132-9272b765fb96"
    },
    "tiles_95": {
      "__uuid__": "e449ef3c-b548-41d8-a83f-6c657149c4f7"
    },
    "tiles_950": {
      "__uuid__": "09acf331-aadc-4fdb-99e1-302ff03d70f1"
    },
    "tiles_951": {
      "__uuid__": "fa101c8a-6903-43fc-b598-0c18c2d0234d"
    },
    "tiles_952": {
      "__uuid__": "0187c858-5386-416b-bd6e-bc8ce8abab8a"
    },
    "tiles_953": {
      "__uuid__": "e1d232eb-b34e-425f-8e19-efb50dece9f7"
    },
    "tiles_954": {
      "__uuid__": "ea188ce8-6265-4786-aa94-7af6252c239e"
    },
    "tiles_955": {
      "__uuid__": "82ee09bb-fdf4-40fb-9c3b-51b05db7ec7a"
    },
    "tiles_956": {
      "__uuid__": "823fb254-6b39-4aab-9893-500c14720344"
    },
    "tiles_957": {
      "__uuid__": "bec86422-7173-4149-aef4-b115370021d0"
    },
    "tiles_958": {
      "__uuid__": "e87f9ff8-9b4c-45ce-9f36-ac4c7e932d92"
    },
    "tiles_959": {
      "__uuid__": "e348e4ea-d491-45dd-82cf-4feccf533b1e"
    },
    "tiles_96": {
      "__uuid__": "6d0f4ddc-64fd-424c-bee9-8b579c089d92"
    },
    "tiles_960": {
      "__uuid__": "2eff1af9-726e-4e2e-9ca1-3e7adb4919b4"
    },
    "tiles_961": {
      "__uuid__": "e2dc09a1-4923-4077-a4d6-cbc8375866dd"
    },
    "tiles_962": {
      "__uuid__": "2f89b936-95b9-4e45-9e8a-a5ea6695af1b"
    },
    "tiles_963": {
      "__uuid__": "708172d5-785e-427d-aa21-e15b8753dddc"
    },
    "tiles_964": {
      "__uuid__": "b58957ab-cb00-474f-ac6d-bb234575f518"
    },
    "tiles_965": {
      "__uuid__": "6579b42d-1393-43fa-91ab-08ed84aad7e2"
    },
    "tiles_966": {
      "__uuid__": "585dfd59-5824-4742-bcbc-b2826fb9d4fd"
    },
    "tiles_967": {
      "__uuid__": "922692f0-0be2-4d19-9285-b8fe75776a79"
    },
    "tiles_968": {
      "__uuid__": "0fb71cdc-14c3-41fb-969f-aac9a672ba70"
    },
    "tiles_969": {
      "__uuid__": "2ad4da68-90a9-481a-8ba0-892092fdaaa1"
    },
    "tiles_97": {
      "__uuid__": "fc1345e7-6972-4af0-89c5-ae12b39a0010"
    },
    "tiles_970": {
      "__uuid__": "dcad1f33-4e36-4695-9e72-cb586021c4ad"
    },
    "tiles_971": {
      "__uuid__": "60a632a1-6021-4d51-adef-25bbe4f68172"
    },
    "tiles_972": {
      "__uuid__": "676ee7a4-2f18-4b4e-841c-2ab82d46b009"
    },
    "tiles_973": {
      "__uuid__": "81f4b44c-548a-4ab1-ae1d-a6febf599935"
    },
    "tiles_974": {
      "__uuid__": "24452885-98e3-4f03-bb5b-a872c5332ebd"
    },
    "tiles_975": {
      "__uuid__": "b09f407a-1d19-483c-aaa8-1587133c88b0"
    },
    "tiles_976": {
      "__uuid__": "26195227-a192-4ffe-b1b8-c93c26b7d937"
    },
    "tiles_977": {
      "__uuid__": "e30025cf-2c32-4d36-9359-455b40cb6186"
    },
    "tiles_978": {
      "__uuid__": "45cfc09c-0495-49ef-b351-619bfce6dbc3"
    },
    "tiles_979": {
      "__uuid__": "2dc967df-ba1d-49a3-b22e-ef946832f7a2"
    },
    "tiles_98": {
      "__uuid__": "2ba6431b-f825-420d-acda-2e6d01aa6107"
    },
    "tiles_980": {
      "__uuid__": "782f70a5-3ea7-44aa-b1a3-47e32fe2c104"
    },
    "tiles_981": {
      "__uuid__": "aab77f80-dae8-456a-b917-c61369131a28"
    },
    "tiles_982": {
      "__uuid__": "8a72eff8-b86f-4936-9896-e9f905b8df15"
    },
    "tiles_983": {
      "__uuid__": "415d27a2-d480-4037-8baa-1c19eeb94eb3"
    },
    "tiles_984": {
      "__uuid__": "29e3b019-bb58-43ab-9eaf-d5af2282e5c9"
    },
    "tiles_985": {
      "__uuid__": "42170a65-e2e5-4ebb-a076-ec7a902c29de"
    },
    "tiles_986": {
      "__uuid__": "1ae96252-6fed-4662-a771-dd5ab13e6207"
    },
    "tiles_987": {
      "__uuid__": "6156583b-3177-4c9d-a4bc-319d355757f4"
    },
    "tiles_988": {
      "__uuid__": "765ee253-796d-423b-8f46-5f0e4d2bf07b"
    },
    "tiles_989": {
      "__uuid__": "e022de2f-55f6-4156-ac70-c7725e991937"
    },
    "tiles_99": {
      "__uuid__": "25f607c1-70ca-404e-96d1-90c8c4ee093b"
    },
    "tiles_990": {
      "__uuid__": "2a41e6e3-b83b-4564-abf5-d876343a9b50"
    },
    "tiles_991": {
      "__uuid__": "b5c98663-c232-40d8-bd00-f2085b62d845"
    },
    "tiles_992": {
      "__uuid__": "c9b9d0b6-9893-427d-8ab5-25800c2dfa24"
    },
    "tiles_993": {
      "__uuid__": "5a1ef948-62fe-4e73-8674-035669844699"
    },
    "tiles_994": {
      "__uuid__": "2e72f826-82c5-49cb-8a2f-56e446be7b02"
    },
    "tiles_995": {
      "__uuid__": "2e69938a-8bd2-406e-b29e-3bc794267c4a"
    },
    "tiles_996": {
      "__uuid__": "890ede51-5b1f-4b40-8c21-8e2fb4881336"
    },
    "tiles_997": {
      "__uuid__": "a9cab5c5-2da5-4b2b-a8f2-416f0684a53d"
    },
    "tiles_998": {
      "__uuid__": "31260950-e477-48eb-89be-7aa4a5d5478a"
    },
    "tiles_999": {
      "__uuid__": "1fa540b9-f874-4ddf-8e36-c10a22fc6a50"
    }
  }
}