{
  "__type__": "cc.SpriteAtlas",
  "_name": "score.plist",
  "_objFlags": 0,
  "_native": "",
  "_spriteFrames": {
    "1": {
      "__uuid__": "8a0a64eb-6006-45df-920b-7af6c7e525ac"
    },
    "2": {
      "__uuid__": "4fe00ee3-68f3-4914-8ac9-4ebdf0c56b47"
    },
    "3": {
      "__uuid__": "698cb871-3954-4191-825d-16eb3a534d53"
    },
    "4": {
      "__uuid__": "61920fc8-5ccd-4305-aca4-cff14ae8f640"
    },
    "5": {
      "__uuid__": "a84a6ff4-e94a-4101-b321-bc230d60d906"
    },
    "6": {
      "__uuid__": "6cc68ffb-f434-47f2-8ac4-e856d02dc1ab"
    },
    "7": {
      "__uuid__": "c6237cac-4fd2-421f-9022-67928e15cd94"
    },
    "8": {
      "__uuid__": "d17bc786-43f2-4d9d-bd32-6943f4f16fc2"
    }
  }
}